Lua Diagnostics | Errors: 0 | Warnings: 1846 | EmmyLua Types: /workspace/.emmylua
Info: 0 | Hints: 374 | Total: 2220 | Time: 2026-06-19 23:08:57 | Dir: /workspace/scripts
---
WARN  | bgm.lua:64:8 | Unnecessary `if` statement: this condition is always truthy [unnecessary-if]
WARN  | bgm.lua:22:29 | Undefined field `CreateChild`. [undefined-field]
WARN  | bgm.lua:47:21 | Undefined field `Play`. [undefined-field]
WARN  | bgm.lua:57:24 | Undefined field `playing`. [undefined-field]
WARN  | bgm.lua:65:21 | Undefined field `Stop`. [undefined-field]
WARN  | bgm.lua:73:21 | Undefined field `Stop`. [undefined-field]
WARN  | bgm.lua:75:28 | Undefined field `playing`. [undefined-field]
WARN  | callbacks.lua:130:12 | Unnecessary `if` statement: this condition is always truthy [unnecessary-if]
WARN  | callbacks.lua:28:9 | Cannot call expression of type `never`. [call-non-callable]
WARN  | callbacks.lua:33:9 | Cannot call expression of type `never`. [call-non-callable]
WARN  | callbacks.lua:38:9 | Cannot call expression of type `never`. [call-non-callable]
WARN  | callbacks.lua:54:9 | Cannot call expression of type `never`. [call-non-callable]
WARN  | callbacks.lua:135:9 | Cannot call expression of type `never`. [call-non-callable]
WARN  | callbacks.lua:139:9 | Cannot call expression of type `never`. [call-non-callable]
WARN  | callbacks.lua:140:9 | Cannot call expression of type `never`. [call-non-callable]
WARN  | callbacks.lua:147:9 | Cannot call expression of type `never`. [call-non-callable]
WARN  | callbacks.lua:151:9 | Cannot call expression of type `never`. [call-non-callable]
WARN  | callbacks.lua:155:9 | Cannot call expression of type `never`. [call-non-callable]
WARN  | callbacks.lua:23:9 | G may be nil [need-check-nil]
WARN  | callbacks.lua:27:9 | G may be nil [need-check-nil]
WARN  | callbacks.lua:28:9 | GameMode may be nil [need-check-nil]
WARN  | callbacks.lua:32:9 | G may be nil [need-check-nil]
WARN  | callbacks.lua:33:9 | GameMode may be nil [need-check-nil]
WARN  | callbacks.lua:37:9 | G may be nil [need-check-nil]
WARN  | callbacks.lua:38:9 | PauseUI may be nil [need-check-nil]
WARN  | callbacks.lua:42:9 | G may be nil [need-check-nil]
WARN  | callbacks.lua:46:9 | G may be nil [need-check-nil]
WARN  | callbacks.lua:54:9 | GameMode may be nil [need-check-nil]
WARN  | callbacks.lua:62:9 | G may be nil [need-check-nil]
WARN  | callbacks.lua:66:28 | G may be nil [need-check-nil]
WARN  | callbacks.lua:78:9 | G may be nil [need-check-nil]
WARN  | callbacks.lua:81:9 | G may be nil [need-check-nil]
WARN  | callbacks.lua:84:9 | G may be nil [need-check-nil]
WARN  | callbacks.lua:87:9 | G may be nil [need-check-nil]
WARN  | callbacks.lua:90:9 | G may be nil [need-check-nil]
WARN  | callbacks.lua:93:9 | G may be nil [need-check-nil]
WARN  | callbacks.lua:96:9 | G may be nil [need-check-nil]
WARN  | callbacks.lua:99:9 | G may be nil [need-check-nil]
WARN  | callbacks.lua:106:21 | G may be nil [need-check-nil]
WARN  | callbacks.lua:106:34 | G may be nil [need-check-nil]
WARN  | callbacks.lua:107:21 | G may be nil [need-check-nil]
WARN  | callbacks.lua:110:21 | G may be nil [need-check-nil]
WARN  | callbacks.lua:110:34 | G may be nil [need-check-nil]
WARN  | callbacks.lua:111:21 | G may be nil [need-check-nil]
WARN  | callbacks.lua:114:21 | G may be nil [need-check-nil]
WARN  | callbacks.lua:114:34 | G may be nil [need-check-nil]
WARN  | callbacks.lua:115:21 | G may be nil [need-check-nil]
WARN  | callbacks.lua:118:21 | G may be nil [need-check-nil]
WARN  | callbacks.lua:118:34 | G may be nil [need-check-nil]
WARN  | callbacks.lua:119:21 | G may be nil [need-check-nil]
WARN  | callbacks.lua:122:21 | G may be nil [need-check-nil]
WARN  | callbacks.lua:122:34 | G may be nil [need-check-nil]
WARN  | callbacks.lua:123:21 | G may be nil [need-check-nil]
WARN  | callbacks.lua:130:12 | G may be nil [need-check-nil]
WARN  | callbacks.lua:130:35 | G may be nil [need-check-nil]
WARN  | callbacks.lua:131:9 | G may be nil [need-check-nil]
WARN  | callbacks.lua:135:9 | PauseUI may be nil [need-check-nil]
WARN  | callbacks.lua:139:9 | PauseUI may be nil [need-check-nil]
WARN  | callbacks.lua:140:9 | GameMode may be nil [need-check-nil]
WARN  | callbacks.lua:147:9 | GameMode may be nil [need-check-nil]
WARN  | callbacks.lua:151:9 | GameMode may be nil [need-check-nil]
WARN  | callbacks.lua:155:9 | GameMode may be nil [need-check-nil]
WARN  | callbacks.lua:23:23 | Undefined field `showSelect`. [undefined-field]
WARN  | callbacks.lua:27:23 | Undefined field `hide`. [undefined-field]
WARN  | callbacks.lua:32:23 | Undefined field `hide`. [undefined-field]
WARN  | callbacks.lua:37:23 | Undefined field `hide`. [undefined-field]
WARN  | callbacks.lua:42:23 | Undefined field `showTitle`. [undefined-field]
WARN  | callbacks.lua:46:23 | Undefined field `showSelect`. [undefined-field]
WARN  | callbacks.lua:62:29 | Undefined field `switchToEditor`. [undefined-field]
WARN  | callbacks.lua:78:24 | Undefined field `setTouchAction`. [undefined-field]
WARN  | callbacks.lua:81:24 | Undefined field `setTouchAction`. [undefined-field]
WARN  | callbacks.lua:84:24 | Undefined field `setTouchAction`. [undefined-field]
WARN  | callbacks.lua:87:24 | Undefined field `setTouchAction`. [undefined-field]
WARN  | callbacks.lua:90:24 | Undefined field `setTouchAction`. [undefined-field]
WARN  | callbacks.lua:93:24 | Undefined field `setTouchAction`. [undefined-field]
WARN  | callbacks.lua:96:24 | Undefined field `setTouchAction`. [undefined-field]
WARN  | callbacks.lua:99:24 | Undefined field `setTouchAction`. [undefined-field]
WARN  | callbacks.lua:106:43 | Undefined field `getHandIndex`. [undefined-field]
WARN  | callbacks.lua:107:34 | Undefined field `useCard`. [undefined-field]
WARN  | callbacks.lua:110:43 | Undefined field `getHandIndex`. [undefined-field]
WARN  | callbacks.lua:111:34 | Undefined field `useCard`. [undefined-field]
WARN  | callbacks.lua:114:43 | Undefined field `getHandIndex`. [undefined-field]
WARN  | callbacks.lua:115:34 | Undefined field `useCard`. [undefined-field]
WARN  | callbacks.lua:118:43 | Undefined field `getHandIndex`. [undefined-field]
WARN  | callbacks.lua:119:34 | Undefined field `useCard`. [undefined-field]
WARN  | callbacks.lua:122:43 | Undefined field `getHandIndex`. [undefined-field]
WARN  | callbacks.lua:123:34 | Undefined field `useCard`. [undefined-field]
WARN  | callbacks.lua:131:23 | Undefined field `show`. [undefined-field]
WARN  | card_skills.lua:4:26 | Cannot resolve module `scripts/card_data`. [unresolved-require]
WARN  | card_system.lua:73:8 | Impossible `if` statement: this condition is always falsy [unnecessary-if]
WARN  | card_system.lua:88:8 | Unnecessary `if` statement: this condition is always truthy [unnecessary-if]
WARN  | card_system.lua:117:8 | Impossible `if` statement: this condition is always falsy [unnecessary-if]
WARN  | card_system.lua:3:26 | Cannot resolve module `scripts/card_data`. [unresolved-require]
WARN  | card_ui.lua:198:8 | Impossible `if` statement: this condition is always falsy [unnecessary-if]
WARN  | card_ui.lua:3:26 | Cannot resolve module `scripts/card_data`. [unresolved-require]
WARN  | card_ui.lua:4:29 | Cannot resolve module `scripts/screen_utils`. [unresolved-require]
WARN  | editor_level.lua:99:8 | Impossible `if` statement: this condition is always falsy [unnecessary-if]
WARN  | editor_level.lua:138:16 | Impossible `if` statement: this condition is always falsy [unnecessary-if]
WARN  | editor_level.lua:167:8 | Impossible `if` statement: this condition is always falsy [unnecessary-if]
WARN  | editor_level.lua:199:12 | Impossible `if` statement: this condition is always falsy [unnecessary-if]
WARN  | editor_level.lua:213:12 | Unnecessary `if` statement: this condition is always truthy [unnecessary-if]
WARN  | editor_level.lua:149:30 | ELEM_TYPES[i] may be nil [need-check-nil]
WARN  | editor_level.lua:104:14 | Undefined field `undo`. [undefined-field]
WARN  | editor_level.lua:108:14 | Undefined field `redo`. [undefined-field]
WARN  | editor_level.lua:112:14 | Undefined field `copySelected`. [undefined-field]
WARN  | editor_level.lua:116:14 | Undefined field `paste`. [undefined-field]
WARN  | editor_level.lua:120:14 | Undefined field `saveToJSON`. [undefined-field]
WARN  | editor_level.lua:125:14 | Undefined field `_deleteSelected`. [undefined-field]
WARN  | editor_level.lua:135:17 | Undefined field `selectedTool`. [undefined-field]
WARN  | editor_level.lua:136:18 | Undefined field `_selectTool`. [undefined-field]
WARN  | editor_level.lua:140:18 | Undefined field `_updateSelectedLabel`. [undefined-field]
WARN  | editor_level.lua:149:18 | Undefined field `_selectTool`. [undefined-field]
WARN  | editor_level.lua:155:14 | Undefined field `_selectTool`. [undefined-field]
WARN  | editor_level.lua:175:27 | Undefined field `panSpeed`. [undefined-field]
WARN  | editor_level.lua:188:38 | Undefined field `_screenToWorld`. [undefined-field]
WARN  | editor_level.lua:189:18 | Undefined field `camera`. [undefined-field]
WARN  | editor_level.lua:190:37 | Undefined field `_screenToWorld`. [undefined-field]
WARN  | editor_level.lua:194:14 | Undefined field `camera`. [undefined-field]
WARN  | editor_level.lua:219:10 | Undefined field `cameraNode`. [undefined-field]
WARN  | editor_level.lua:223:27 | Undefined field `_screenToWorld`. [undefined-field]
WARN  | editor_level.lua:235:41 | Undefined field `selectedTool`. [undefined-field]
WARN  | editor_level.lua:243:18 | Undefined field `_updateSelectedLabel`. [undefined-field]
WARN  | editor_level.lua:248:41 | Undefined field `selectedTool`. [undefined-field]
WARN  | editor_level.lua:249:14 | Undefined field `_syncToLevelData`. [undefined-field]
WARN  | editor_level.lua:258:13 | Undefined field `assetBrowserOpen`. [undefined-field]
WARN  | editor_level.lua:275:29 | Undefined field `_screenToWorld`. [undefined-field]
WARN  | editor_level.lua:276:13 | Undefined field `selectedTool`. [undefined-field]
WARN  | editor_level.lua:277:26 | Undefined field `_findObjectAt`. [undefined-field]
WARN  | editor_level.lua:292:22 | Undefined field `_findObjectAt`. [undefined-field]
WARN  | editor_level.lua:323:13 | Undefined field `panel`. [undefined-field]
WARN  | editor_level.lua:323:29 | Undefined field `panel`. [undefined-field]
WARN  | editor_level.lua:324:13 | Undefined field `propsPanel`. [undefined-field]
WARN  | editor_level.lua:324:34 | Undefined field `propsPanel`. [undefined-field]
WARN  | editor_level.lua:325:13 | Undefined field `editorNode`. [undefined-field]
WARN  | editor_level.lua:325:34 | Undefined field `editorNode`. [undefined-field]
WARN  | editor_level.lua:326:25 | Undefined field `scene`. [undefined-field]
WARN  | editor_level.lua:332:13 | Undefined field `panel`. [undefined-field]
WARN  | editor_level.lua:332:29 | Undefined field `panel`. [undefined-field]
WARN  | editor_level.lua:333:13 | Undefined field `propsPanel`. [undefined-field]
WARN  | editor_level.lua:333:34 | Undefined field `propsPanel`. [undefined-field]
WARN  | editor_level.lua:334:13 | Undefined field `editorNode`. [undefined-field]
WARN  | editor_level.lua:334:34 | Undefined field `editorNode`. [undefined-field]
WARN  | editor_level.lua:335:25 | Undefined field `scene`. [undefined-field]
WARN  | editor_level.lua:337:13 | Undefined field `assetBrowserOpen`. [undefined-field]
WARN  | editor_level.lua:338:14 | Undefined field `_closeAssetBrowser`. [undefined-field]
WARN  | editor_level_data.lua:546:20 | Impossible `if` statement: this condition is always falsy [unnecessary-if]
WARN  | editor_level_data.lua:529:24 | src may be nil [need-check-nil]
WARN  | editor_level_data.lua:530:31 | src may be nil [need-check-nil]
WARN  | editor_level_data.lua:534:27 | src may be nil [need-check-nil]
WARN  | editor_level_data.lua:535:27 | src may be nil [need-check-nil]
WARN  | editor_level_data.lua:539:32 | src may be nil [need-check-nil]
WARN  | editor_level_data.lua:542:21 | src may be nil [need-check-nil]
WARN  | editor_level_data.lua:543:36 | src may be nil [need-check-nil]
WARN  | editor_level_data.lua:546:20 | src may be nil [need-check-nil]
WARN  | editor_level_data.lua:546:48 | src may be nil [need-check-nil]
WARN  | editor_level_data.lua:546:67 | src may be nil [need-check-nil]
WARN  | editor_level_data.lua:548:31 | src may be nil [need-check-nil]
WARN  | editor_level_data.lua:550:34 | src may be nil [need-check-nil]
WARN  | editor_level_data.lua:550:62 | src may be nil [need-check-nil]
WARN  | editor_level_data.lua:552:32 | zone may be nil [need-check-nil]
WARN  | editor_level_data.lua:552:45 | zone may be nil [need-check-nil]
WARN  | editor_level_data.lua:552:57 | zone may be nil [need-check-nil]
WARN  | editor_level_data.lua:553:32 | zone may be nil [need-check-nil]
WARN  | editor_level_data.lua:557:20 | src may be nil [need-check-nil]
WARN  | editor_level_data.lua:558:32 | src may be nil [need-check-nil]
WARN  | editor_level_data.lua:423:31 | Undefined field `levels`. [undefined-field]
WARN  | editor_level_data.lua:428:28 | Undefined field `levels`. [undefined-field]
WARN  | editor_level_data.lua:509:32 | Undefined field `levels`. [undefined-field]
WARN  | editor_level_data.lua:509:49 | Undefined field `levels`. [undefined-field]
WARN  | editor_level_data.lua:510:40 | Undefined field `levels`. [undefined-field]
WARN  | editor_level_data.lua:550:49 | Undefined field `[((ei - 1) % #src.spawnZones) + 1]`. [undefined-field]
WARN  | editor_level_ui.lua:91:12 | Unnecessary `if` statement: this condition is always truthy [unnecessary-if]
WARN  | editor_level_ui.lua:6:20 | Cannot resolve module `urhox-libs/UI`. [unresolved-require]
WARN  | editor_level_ui.lua:822:28 | Cannot resolve module `urhox-libs/UI`. [unresolved-require]
WARN  | editor_ui.lua:741:8 | Impossible `if` statement: this condition is always falsy [unnecessary-if]
WARN  | editor_ui.lua:768:12 | Impossible `if` statement: this condition is always falsy [unnecessary-if]
WARN  | editor_ui.lua:774:16 | Unnecessary `if` statement: this condition is always truthy [unnecessary-if]
WARN  | editor_ui.lua:870:8 | Impossible `if` statement: this condition is always falsy [unnecessary-if]
WARN  | editor_ui.lua:856:23 | elem may be nil [need-check-nil]
WARN  | editor_ui.lua:857:23 | elem may be nil [need-check-nil]
WARN  | editor_ui.lua:860:20 | elem may be nil [need-check-nil]
WARN  | editor_ui.lua:260:38 | Undefined field `elements`. [undefined-field]
WARN  | editor_ui.lua:285:38 | Undefined field `elements`. [undefined-field]
WARN  | editor_ui.lua:310:38 | Undefined field `elements`. [undefined-field]
WARN  | editor_ui.lua:335:38 | Undefined field `elements`. [undefined-field]
WARN  | editor_ui.lua:379:51 | Undefined field `elements`. [undefined-field]
WARN  | editor_ui.lua:435:30 | Undefined field `elements`. [undefined-field]
WARN  | editor_ui.lua:525:23 | Undefined field `elements`. [undefined-field]
WARN  | editor_ui.lua:554:30 | Undefined field `elements`. [undefined-field]
WARN  | editor_ui.lua:566:23 | Undefined field `elements`. [undefined-field]
WARN  | editor_ui.lua:593:10 | Undefined field `elements`. [undefined-field]
WARN  | editor_ui.lua:596:32 | Undefined field `elements`. [undefined-field]
WARN  | editor_ui.lua:604:18 | Undefined field `elements`. [undefined-field]
WARN  | editor_ui.lua:625:14 | Undefined field `elements`. [undefined-field]
WARN  | editor_ui.lua:651:10 | Undefined field `elements`. [undefined-field]
WARN  | editor_ui.lua:715:10 | Undefined field `elements`. [undefined-field]
WARN  | editor_ui.lua:725:13 | Undefined field `imageCache`. [undefined-field]
WARN  | editor_ui.lua:726:21 | Undefined field `imageCache`. [undefined-field]
WARN  | editor_ui.lua:731:14 | Undefined field `imageCache`. [undefined-field]
WARN  | editor_ui.lua:791:31 | Undefined field `elements`. [undefined-field]
WARN  | editor_ui.lua:800:27 | Undefined field `elements`. [undefined-field]
WARN  | editor_ui.lua:845:31 | Undefined field `elements`. [undefined-field]
WARN  | editor_ui.lua:902:31 | Undefined field `elements`. [undefined-field]
WARN  | editor_ui.lua:1020:36 | Undefined field `elements`. [undefined-field]
WARN  | editor_ui.lua:1050:14 | Undefined field `elements`. [undefined-field]
WARN  | editor_ui.lua:530:46 | Undefined field `name`. [undefined-field]
WARN  | editor_ui.lua:530:67 | Undefined field `align`. [undefined-field]
WARN  | editor_ui.lua:533:43 | Undefined field `x`. [undefined-field]
WARN  | editor_ui.lua:536:43 | Undefined field `y`. [undefined-field]
WARN  | editor_ui.lua:539:43 | Undefined field `w`. [undefined-field]
WARN  | editor_ui.lua:542:43 | Undefined field `h`. [undefined-field]
WARN  | editor_ui.lua:1043:27 | Undefined field `elements`. [undefined-field]
WARN  | editor_ui.lua:1049:32 | Undefined field `elements`. [undefined-field]
WARN  | editor_ui.lua:5:20 | Cannot resolve module `urhox-libs/UI`. [unresolved-require]
WARN  | main.lua:144:24 | Impossible `if` statement: this condition is always falsy [unnecessary-if]
WARN  | main.lua:198:12 | Impossible `if` statement: this condition is always falsy [unnecessary-if]
WARN  | main.lua:199:12 | Impossible `if` statement: this condition is always falsy [unnecessary-if]
WARN  | main.lua:204:12 | Impossible `if` statement: this condition is always falsy [unnecessary-if]
WARN  | main.lua:205:12 | Impossible `if` statement: this condition is always falsy [unnecessary-if]
WARN  | main.lua:211:8 | Impossible `if` statement: this condition is always falsy [unnecessary-if]
WARN  | main.lua:224:8 | Impossible `if` statement: this condition is always falsy [unnecessary-if]
WARN  | main.lua:226:12 | Impossible `if` statement: this condition is always falsy [unnecessary-if]
WARN  | main.lua:243:12 | Impossible `if` statement: this condition is always falsy [unnecessary-if]
WARN  | main.lua:246:16 | Impossible `if` statement: this condition is always falsy [unnecessary-if]
WARN  | main.lua:251:12 | Impossible `if` statement: this condition is always falsy [unnecessary-if]
WARN  | main.lua:256:12 | Impossible `if` statement: this condition is always falsy [unnecessary-if]
WARN  | main.lua:196:9 | Cannot call expression of type `never`. [call-non-callable]
WARN  | main.lua:197:9 | Cannot call expression of type `never`. [call-non-callable]
WARN  | main.lua:202:9 | Cannot call expression of type `never`. [call-non-callable]
WARN  | main.lua:203:9 | Cannot call expression of type `never`. [call-non-callable]
WARN  | main.lua:167:13 | levelEditor may be nil [need-check-nil]
WARN  | main.lua:168:13 | levelEditor may be nil [need-check-nil]
WARN  | main.lua:170:13 | uiEditor may be nil [need-check-nil]
WARN  | main.lua:171:13 | uiEditor may be nil [need-check-nil]
WARN  | main.lua:196:9 | tabLevel may be nil [need-check-nil]
WARN  | main.lua:197:9 | tabUI may be nil [need-check-nil]
WARN  | main.lua:202:9 | tabLevel may be nil [need-check-nil]
WARN  | main.lua:203:9 | tabUI may be nil [need-check-nil]
WARN  | main.lua:37:12 | Undefined field `CreateComponent`. [undefined-field]
WARN  | main.lua:40:25 | Undefined field `CreateChild`. [undefined-field]
WARN  | main.lua:41:31 | Undefined field `CreateComponent`. [undefined-field]
WARN  | main.lua:3:9 | Cannot resolve module `LuaScripts/Utilities/Sample`. [unresolved-require]
WARN  | main.lua:5:20 | Cannot resolve module `urhox-libs/UI`. [unresolved-require]
WARN  | editor_mode.lua:29:8 | Unnecessary `if` statement: this condition is always truthy [unnecessary-if]
WARN  | editor_mode.lua:30:8 | Unnecessary `if` statement: this condition is always truthy [unnecessary-if]
WARN  | editor_mode.lua:31:8 | Unnecessary `if` statement: this condition is always truthy [unnecessary-if]
WARN  | editor_mode.lua:32:8 | Unnecessary `if` statement: this condition is always truthy [unnecessary-if]
WARN  | editor_mode.lua:33:8 | Unnecessary `if` statement: this condition is always truthy [unnecessary-if]
WARN  | editor_mode.lua:34:8 | Unnecessary `if` statement: this condition is always truthy [unnecessary-if]
WARN  | editor_mode.lua:35:8 | Unnecessary `if` statement: this condition is always truthy [unnecessary-if]
WARN  | editor_mode.lua:41:8 | Unnecessary `if` statement: this condition is always truthy [unnecessary-if]
WARN  | editor_mode.lua:58:8 | Unnecessary `if` statement: this condition is always truthy [unnecessary-if]
WARN  | editor_mode.lua:63:8 | Unnecessary `if` statement: this condition is always truthy [unnecessary-if]
WARN  | editor_mode.lua:64:8 | Unnecessary `if` statement: this condition is always truthy [unnecessary-if]
WARN  | editor_mode.lua:82:8 | Unnecessary `if` statement: this condition is always truthy [unnecessary-if]
WARN  | editor_mode.lua:94:8 | Unnecessary `if` statement: this condition is always truthy [unnecessary-if]
WARN  | editor_mode.lua:100:8 | Unnecessary `if` statement: this condition is always truthy [unnecessary-if]
WARN  | editor_mode.lua:107:8 | Impossible `if` statement: this condition is always falsy [unnecessary-if]
WARN  | editor_mode.lua:126:8 | Unnecessary `if` statement: this condition is always truthy [unnecessary-if]
WARN  | editor_mode.lua:140:8 | Unnecessary `if` statement: this condition is always truthy [unnecessary-if]
WARN  | editor_mode.lua:167:12 | Unnecessary `if` statement: this condition is always truthy [unnecessary-if]
WARN  | editor_mode.lua:198:8 | Unnecessary `if` statement: this condition is always truthy [unnecessary-if]
WARN  | editor_mode.lua:210:8 | Unnecessary `if` statement: this condition is always truthy [unnecessary-if]
WARN  | editor_mode.lua:215:8 | Unnecessary `if` statement: this condition is always truthy [unnecessary-if]
WARN  | editor_mode.lua:287:24 | Impossible `if` statement: this condition is always falsy [unnecessary-if]
WARN  | editor_mode.lua:352:12 | Unnecessary `if` statement: this condition is always truthy [unnecessary-if]
WARN  | editor_mode.lua:353:12 | Unnecessary `if` statement: this condition is always truthy [unnecessary-if]
WARN  | editor_mode.lua:358:12 | Unnecessary `if` statement: this condition is always truthy [unnecessary-if]
WARN  | editor_mode.lua:359:12 | Unnecessary `if` statement: this condition is always truthy [unnecessary-if]
WARN  | editor_mode.lua:365:8 | Unnecessary `if` statement: this condition is always truthy [unnecessary-if]
WARN  | editor_mode.lua:374:8 | Impossible `if` statement: this condition is always falsy [unnecessary-if]
WARN  | editor_mode.lua:376:12 | Impossible `if` statement: this condition is always falsy [unnecessary-if]
WARN  | editor_mode.lua:388:8 | Unnecessary `if` statement: this condition is always truthy [unnecessary-if]
WARN  | editor_mode.lua:404:12 | Impossible `if` statement: this condition is always falsy [unnecessary-if]
WARN  | editor_mode.lua:26:5 | G may be nil [need-check-nil]
WARN  | editor_mode.lua:29:8 | G may be nil [need-check-nil]
WARN  | editor_mode.lua:29:24 | G may be nil [need-check-nil]
WARN  | editor_mode.lua:30:8 | G may be nil [need-check-nil]
WARN  | editor_mode.lua:30:22 | G may be nil [need-check-nil]
WARN  | editor_mode.lua:31:8 | G may be nil [need-check-nil]
WARN  | editor_mode.lua:31:22 | G may be nil [need-check-nil]
WARN  | editor_mode.lua:32:8 | G may be nil [need-check-nil]
WARN  | editor_mode.lua:32:26 | G may be nil [need-check-nil]
WARN  | editor_mode.lua:33:8 | G may be nil [need-check-nil]
WARN  | editor_mode.lua:33:27 | G may be nil [need-check-nil]
WARN  | editor_mode.lua:34:8 | G may be nil [need-check-nil]
WARN  | editor_mode.lua:34:33 | G may be nil [need-check-nil]
WARN  | editor_mode.lua:35:8 | G may be nil [need-check-nil]
WARN  | editor_mode.lua:35:31 | G may be nil [need-check-nil]
WARN  | editor_mode.lua:36:24 | G may be nil [need-check-nil]
WARN  | editor_mode.lua:41:8 | G may be nil [need-check-nil]
WARN  | editor_mode.lua:41:29 | G may be nil [need-check-nil]
WARN  | editor_mode.lua:42:5 | G may be nil [need-check-nil]
WARN  | editor_mode.lua:52:5 | G may be nil [need-check-nil]
WARN  | editor_mode.lua:58:8 | G may be nil [need-check-nil]
WARN  | editor_mode.lua:59:9 | G may be nil [need-check-nil]
WARN  | editor_mode.lua:63:8 | G may be nil [need-check-nil]
WARN  | editor_mode.lua:63:24 | G may be nil [need-check-nil]
WARN  | editor_mode.lua:64:8 | G may be nil [need-check-nil]
WARN  | editor_mode.lua:64:27 | G may be nil [need-check-nil]
WARN  | editor_mode.lua:67:5 | G may be nil [need-check-nil]
WARN  | editor_mode.lua:68:5 | G may be nil [need-check-nil]
WARN  | editor_mode.lua:78:5 | G may be nil [need-check-nil]
WARN  | editor_mode.lua:82:8 | G may be nil [need-check-nil]
WARN  | editor_mode.lua:84:12 | G may be nil [need-check-nil]
WARN  | editor_mode.lua:85:13 | G may be nil [need-check-nil]
WARN  | editor_mode.lua:87:24 | G may be nil [need-check-nil]
WARN  | editor_mode.lua:94:8 | G may be nil [need-check-nil]
WARN  | editor_mode.lua:94:24 | G may be nil [need-check-nil]
WARN  | editor_mode.lua:97:5 | G may be nil [need-check-nil]
WARN  | editor_mode.lua:100:8 | G may be nil [need-check-nil]
WARN  | editor_mode.lua:101:9 | G may be nil [need-check-nil]
WARN  | editor_mode.lua:103:9 | G may be nil [need-check-nil]
WARN  | editor_mode.lua:108:9 | G may be nil [need-check-nil]
WARN  | editor_mode.lua:112:5 | G may be nil [need-check-nil]
WARN  | editor_mode.lua:113:5 | G may be nil [need-check-nil]
WARN  | editor_mode.lua:114:5 | G may be nil [need-check-nil]
WARN  | editor_mode.lua:117:5 | G may be nil [need-check-nil]
WARN  | editor_mode.lua:118:5 | G may be nil [need-check-nil]
WARN  | editor_mode.lua:119:5 | G may be nil [need-check-nil]
WARN  | editor_mode.lua:122:5 | G may be nil [need-check-nil]
WARN  | editor_mode.lua:123:5 | G may be nil [need-check-nil]
WARN  | editor_mode.lua:124:5 | G may be nil [need-check-nil]
WARN  | editor_mode.lua:125:5 | G may be nil [need-check-nil]
WARN  | editor_mode.lua:126:8 | G may be nil [need-check-nil]
WARN  | editor_mode.lua:126:26 | G may be nil [need-check-nil]
WARN  | editor_mode.lua:127:5 | G may be nil [need-check-nil]
WARN  | editor_mode.lua:128:5 | G may be nil [need-check-nil]
WARN  | editor_mode.lua:129:5 | G may be nil [need-check-nil]
WARN  | editor_mode.lua:130:5 | G may be nil [need-check-nil]
WARN  | editor_mode.lua:131:5 | G may be nil [need-check-nil]
WARN  | editor_mode.lua:140:8 | G may be nil [need-check-nil]
WARN  | editor_mode.lua:141:5 | G may be nil [need-check-nil]
WARN  | editor_mode.lua:144:12 | G may be nil [need-check-nil]
WARN  | editor_mode.lua:145:9 | G may be nil [need-check-nil]
WARN  | editor_mode.lua:146:9 | G may be nil [need-check-nil]
WARN  | editor_mode.lua:147:9 | G may be nil [need-check-nil]
WARN  | editor_mode.lua:148:9 | G may be nil [need-check-nil]
WARN  | editor_mode.lua:152:5 | G may be nil [need-check-nil]
WARN  | editor_mode.lua:153:5 | G may be nil [need-check-nil]
WARN  | editor_mode.lua:155:5 | G may be nil [need-check-nil]
WARN  | editor_mode.lua:155:20 | G may be nil [need-check-nil]
WARN  | editor_mode.lua:156:20 | G may be nil [need-check-nil]
WARN  | editor_mode.lua:159:5 | G may be nil [need-check-nil]
WARN  | editor_mode.lua:161:35 | G may be nil [need-check-nil]
WARN  | editor_mode.lua:165:12 | G may be nil [need-check-nil]
WARN  | editor_mode.lua:166:9 | G may be nil [need-check-nil]
WARN  | editor_mode.lua:167:12 | G may be nil [need-check-nil]
WARN  | editor_mode.lua:168:27 | G may be nil [need-check-nil]
WARN  | editor_mode.lua:173:5 | G may be nil [need-check-nil]
WARN  | editor_mode.lua:177:17 | G may be nil [need-check-nil]
WARN  | editor_mode.lua:181:5 | G may be nil [need-check-nil]
WARN  | editor_mode.lua:181:21 | G may be nil [need-check-nil]
WARN  | editor_mode.lua:181:39 | G may be nil [need-check-nil]
WARN  | editor_mode.lua:181:49 | G may be nil [need-check-nil]
WARN  | editor_mode.lua:181:63 | G may be nil [need-check-nil]
WARN  | editor_mode.lua:182:5 | G may be nil [need-check-nil]
WARN  | editor_mode.lua:182:18 | G may be nil [need-check-nil]
WARN  | editor_mode.lua:182:33 | G may be nil [need-check-nil]
WARN  | editor_mode.lua:190:5 | G may be nil [need-check-nil]
WARN  | editor_mode.lua:190:33 | G may be nil [need-check-nil]
WARN  | editor_mode.lua:193:5 | G may be nil [need-check-nil]
WARN  | editor_mode.lua:198:8 | G may be nil [need-check-nil]
WARN  | editor_mode.lua:199:26 | G may be nil [need-check-nil]
WARN  | editor_mode.lua:206:12 | G may be nil [need-check-nil]
WARN  | editor_mode.lua:207:5 | G may be nil [need-check-nil]
WARN  | editor_mode.lua:210:8 | G may be nil [need-check-nil]
WARN  | editor_mode.lua:211:30 | G may be nil [need-check-nil]
WARN  | editor_mode.lua:215:8 | G may be nil [need-check-nil]
WARN  | editor_mode.lua:216:9 | G may be nil [need-check-nil]
WARN  | editor_mode.lua:220:5 | G may be nil [need-check-nil]
WARN  | editor_mode.lua:221:5 | G may be nil [need-check-nil]
WARN  | editor_mode.lua:222:5 | G may be nil [need-check-nil]
WARN  | editor_mode.lua:223:5 | G may be nil [need-check-nil]
WARN  | editor_mode.lua:224:5 | G may be nil [need-check-nil]
WARN  | editor_mode.lua:225:5 | G may be nil [need-check-nil]
WARN  | editor_mode.lua:234:21 | G may be nil [need-check-nil]
WARN  | editor_mode.lua:244:13 | G may be nil [need-check-nil]
WARN  | editor_mode.lua:251:13 | G may be nil [need-check-nil]
WARN  | editor_mode.lua:252:13 | G may be nil [need-check-nil]
WARN  | editor_mode.lua:261:13 | G may be nil [need-check-nil]
WARN  | editor_mode.lua:270:13 | G may be nil [need-check-nil]
WARN  | editor_mode.lua:271:13 | G may be nil [need-check-nil]
WARN  | editor_mode.lua:293:13 | G may be nil [need-check-nil]
WARN  | editor_mode.lua:294:13 | G may be nil [need-check-nil]
WARN  | editor_mode.lua:306:13 | G may be nil [need-check-nil]
WARN  | editor_mode.lua:307:13 | G may be nil [need-check-nil]
WARN  | editor_mode.lua:316:26 | G may be nil [need-check-nil]
WARN  | editor_mode.lua:322:13 | G may be nil [need-check-nil]
WARN  | editor_mode.lua:323:13 | G may be nil [need-check-nil]
WARN  | editor_mode.lua:324:13 | G may be nil [need-check-nil]
WARN  | editor_mode.lua:325:13 | G may be nil [need-check-nil]
WARN  | editor_mode.lua:329:5 | G may be nil [need-check-nil]
WARN  | editor_mode.lua:329:20 | G may be nil [need-check-nil]
WARN  | editor_mode.lua:336:5 | G may be nil [need-check-nil]
WARN  | editor_mode.lua:336:22 | G may be nil [need-check-nil]
WARN  | editor_mode.lua:338:5 | G may be nil [need-check-nil]
WARN  | editor_mode.lua:338:18 | G may be nil [need-check-nil]
WARN  | editor_mode.lua:339:5 | G may be nil [need-check-nil]
WARN  | editor_mode.lua:339:15 | G may be nil [need-check-nil]
WARN  | editor_mode.lua:340:5 | G may be nil [need-check-nil]
WARN  | editor_mode.lua:340:21 | G may be nil [need-check-nil]
WARN  | editor_mode.lua:341:17 | G may be nil [need-check-nil]
WARN  | editor_mode.lua:348:5 | G may be nil [need-check-nil]
WARN  | editor_mode.lua:350:9 | G may be nil [need-check-nil]
WARN  | editor_mode.lua:351:9 | G may be nil [need-check-nil]
WARN  | editor_mode.lua:352:12 | G may be nil [need-check-nil]
WARN  | editor_mode.lua:352:31 | G may be nil [need-check-nil]
WARN  | editor_mode.lua:353:12 | G may be nil [need-check-nil]
WARN  | editor_mode.lua:353:28 | G may be nil [need-check-nil]
WARN  | editor_mode.lua:356:9 | G may be nil [need-check-nil]
WARN  | editor_mode.lua:357:9 | G may be nil [need-check-nil]
WARN  | editor_mode.lua:358:12 | G may be nil [need-check-nil]
WARN  | editor_mode.lua:358:31 | G may be nil [need-check-nil]
WARN  | editor_mode.lua:359:12 | G may be nil [need-check-nil]
WARN  | editor_mode.lua:359:28 | G may be nil [need-check-nil]
WARN  | editor_mode.lua:365:8 | G may be nil [need-check-nil]
WARN  | editor_mode.lua:365:27 | G may be nil [need-check-nil]
WARN  | editor_mode.lua:372:12 | G may be nil [need-check-nil]
WARN  | editor_mode.lua:374:8 | G may be nil [need-check-nil]
WARN  | editor_mode.lua:374:36 | G may be nil [need-check-nil]
WARN  | editor_mode.lua:375:9 | G may be nil [need-check-nil]
WARN  | editor_mode.lua:376:12 | G may be nil [need-check-nil]
WARN  | editor_mode.lua:376:37 | G may be nil [need-check-nil]
WARN  | editor_mode.lua:377:9 | G may be nil [need-check-nil]
WARN  | editor_mode.lua:385:12 | G may be nil [need-check-nil]
WARN  | editor_mode.lua:388:8 | G may be nil [need-check-nil]
WARN  | editor_mode.lua:389:9 | G may be nil [need-check-nil]
WARN  | editor_mode.lua:397:12 | G may be nil [need-check-nil]
WARN  | editor_mode.lua:404:12 | G may be nil [need-check-nil]
WARN  | editor_mode.lua:404:37 | G may be nil [need-check-nil]
WARN  | editor_mode.lua:405:13 | G may be nil [need-check-nil]
WARN  | editor_mode.lua:30:31 | Undefined field `hide`. [undefined-field]
WARN  | editor_mode.lua:31:31 | Undefined field `hide`. [undefined-field]
WARN  | editor_mode.lua:33:41 | Undefined field `hide`. [undefined-field]
WARN  | editor_mode.lua:59:24 | Undefined field `clearCustomLevels`. [undefined-field]
WARN  | editor_mode.lua:64:41 | Undefined field `show`. [undefined-field]
WARN  | editor_mode.lua:67:19 | Undefined field `CreateScene`. [undefined-field]
WARN  | editor_mode.lua:68:19 | Undefined field `SetupCamera`. [undefined-field]
WARN  | editor_mode.lua:84:26 | Undefined field `_syncToLevelData`. [undefined-field]
WARN  | editor_mode.lua:85:27 | Undefined field `_syncToLevelData`. [undefined-field]
WARN  | editor_mode.lua:87:38 | Undefined field `levels`. [undefined-field]
WARN  | editor_mode.lua:97:19 | Undefined field `LoadModeScripts`. [undefined-field]
WARN  | editor_mode.lua:101:24 | Undefined field `reset`. [undefined-field]
WARN  | editor_mode.lua:117:19 | Undefined field `CreateScene`. [undefined-field]
WARN  | editor_mode.lua:118:19 | Undefined field `SetupCamera`. [undefined-field]
WARN  | editor_mode.lua:119:19 | Undefined field `InitGameObjects`. [undefined-field]
WARN  | editor_mode.lua:127:14 | Undefined field `show`. [undefined-field]
WARN  | editor_mode.lua:128:14 | Undefined field `resetCountdown`. [undefined-field]
WARN  | editor_mode.lua:129:18 | Undefined field `reset`. [undefined-field]
WARN  | editor_mode.lua:130:18 | Undefined field `reset`. [undefined-field]
WARN  | editor_mode.lua:131:14 | Undefined field `show`. [undefined-field]
WARN  | editor_mode.lua:153:14 | Undefined field `CreateComponent`. [undefined-field]
WARN  | editor_mode.lua:155:29 | Undefined field `CreateChild`. [undefined-field]
WARN  | editor_mode.lua:156:33 | Undefined field `CreateComponent`. [undefined-field]
WARN  | editor_mode.lua:173:14 | Undefined field `Init`. [undefined-field]
WARN  | editor_mode.lua:177:26 | Undefined field `Scale`. [undefined-field]
WARN  | editor_mode.lua:216:18 | Undefined field `SetRoot`. [undefined-field]
WARN  | editor_mode.lua:234:30 | Undefined field `Panel`. [undefined-field]
WARN  | editor_mode.lua:244:22 | Undefined field `Label`. [undefined-field]
WARN  | editor_mode.lua:251:22 | Undefined field `Panel`. [undefined-field]
WARN  | editor_mode.lua:252:22 | Undefined field `Button`. [undefined-field]
WARN  | editor_mode.lua:261:22 | Undefined field `Button`. [undefined-field]
WARN  | editor_mode.lua:270:22 | Undefined field `Panel`. [undefined-field]
WARN  | editor_mode.lua:271:22 | Undefined field `Button`. [undefined-field]
WARN  | editor_mode.lua:293:22 | Undefined field `Panel`. [undefined-field]
WARN  | editor_mode.lua:294:22 | Undefined field `Button`. [undefined-field]
WARN  | editor_mode.lua:306:22 | Undefined field `Panel`. [undefined-field]
WARN  | editor_mode.lua:307:22 | Undefined field `Label`. [undefined-field]
WARN  | editor_mode.lua:316:35 | Undefined field `Panel`. [undefined-field]
WARN  | editor_mode.lua:322:27 | Undefined field `panel`. [undefined-field]
WARN  | editor_mode.lua:323:27 | Undefined field `propsPanel`. [undefined-field]
WARN  | editor_mode.lua:324:24 | Undefined field `panel`. [undefined-field]
WARN  | editor_mode.lua:325:24 | Undefined field `propsPanel`. [undefined-field]
WARN  | editor_mode.lua:329:29 | Undefined field `Panel`. [undefined-field]
WARN  | editor_mode.lua:336:14 | Undefined field `SetRoot`. [undefined-field]
WARN  | editor_mode.lua:338:31 | Undefined field `FindById`. [undefined-field]
WARN  | editor_mode.lua:339:28 | Undefined field `FindById`. [undefined-field]
WARN  | editor_mode.lua:340:34 | Undefined field `FindById`. [undefined-field]
WARN  | editor_mode.lua:341:30 | Undefined field `FindById`. [undefined-field]
WARN  | editor_mode.lua:350:20 | Undefined field `SetVariant`. [undefined-field]
WARN  | editor_mode.lua:351:17 | Undefined field `SetVariant`. [undefined-field]
WARN  | editor_mode.lua:352:45 | Undefined field `show`. [undefined-field]
WARN  | editor_mode.lua:353:39 | Undefined field `hide`. [undefined-field]
WARN  | editor_mode.lua:356:20 | Undefined field `SetVariant`. [undefined-field]
WARN  | editor_mode.lua:357:17 | Undefined field `SetVariant`. [undefined-field]
WARN  | editor_mode.lua:358:45 | Undefined field `hide`. [undefined-field]
WARN  | editor_mode.lua:359:39 | Undefined field `show`. [undefined-field]
WARN  | editor_mode.lua:365:41 | Undefined field `SetText`. [undefined-field]
WARN  | editor_mode.lua:375:23 | Undefined field `update`. [undefined-field]
WARN  | editor_mode.lua:377:20 | Undefined field `update`. [undefined-field]
WARN  | editor_mode.lua:405:24 | Undefined field `saveToJSON`. [undefined-field]
WARN  | editor_mode.lua:6:30 | Cannot resolve module `scripts/level_manager`. [unresolved-require]
WARN  | editor_mode.lua:7:21 | Cannot resolve module `scripts/bgm`. [unresolved-require]
WARN  | editor_mode.lua:145:28 | Cannot resolve module `urhox-libs/UI`. [unresolved-require]
WARN  | enemy.lua:229:16 | Impossible `if` statement: this condition is always falsy [unnecessary-if]
WARN  | enemy.lua:584:8 | Unnecessary `if` statement: this condition is always truthy [unnecessary-if]
WARN  | enemy.lua:587:12 | Impossible `if` statement: this condition is always falsy [unnecessary-if]
WARN  | enemy.lua:631:12 | Impossible `if` statement: this condition is always falsy [unnecessary-if]
WARN  | enemy.lua:638:12 | Unnecessary `if` statement: this condition is always truthy [unnecessary-if]
WARN  | enemy.lua:652:12 | Impossible `if` statement: this condition is always falsy [unnecessary-if]
WARN  | enemy.lua:735:8 | Impossible `if` statement: this condition is always falsy [unnecessary-if]
WARN  | enemy.lua:740:8 | Impossible `if` statement: this condition is always falsy [unnecessary-if]
WARN  | enemy.lua:756:12 | Impossible `if` statement: this condition is always falsy [unnecessary-if]
WARN  | enemy.lua:821:8 | Unnecessary `if` statement: this condition is always truthy [unnecessary-if]
WARN  | enemy.lua:887:8 | Unnecessary `if` statement: this condition is always truthy [unnecessary-if]
WARN  | enemy.lua:924:8 | Unnecessary `if` statement: this condition is always truthy [unnecessary-if]
WARN  | enemy.lua:926:12 | Impossible `if` statement: this condition is always falsy [unnecessary-if]
WARN  | enemy.lua:942:12 | Impossible `if` statement: this condition is always falsy [unnecessary-if]
WARN  | enemy.lua:951:12 | Unnecessary `if` statement: this condition is always truthy [unnecessary-if]
WARN  | enemy.lua:962:16 | Impossible `if` statement: this condition is always falsy [unnecessary-if]
WARN  | enemy.lua:977:16 | Unnecessary `if` statement: this condition is always truthy [unnecessary-if]
WARN  | enemy.lua:997:16 | Impossible `if` statement: this condition is always falsy [unnecessary-if]
WARN  | enemy.lua:1004:16 | Impossible `if` statement: this condition is always falsy [unnecessary-if]
WARN  | enemy.lua:1019:16 | Impossible `if` statement: this condition is always falsy [unnecessary-if]
WARN  | enemy.lua:1030:8 | Impossible `if` statement: this condition is always falsy [unnecessary-if]
WARN  | enemy.lua:1050:8 | Unnecessary `if` statement: this condition is always truthy [unnecessary-if]
WARN  | enemy.lua:1158:8 | Unnecessary `if` statement: this condition is always truthy [unnecessary-if]
WARN  | enemy.lua:1234:8 | Unnecessary `if` statement: this condition is always truthy [unnecessary-if]
WARN  | enemy.lua:1255:8 | Unnecessary `if` statement: this condition is always truthy [unnecessary-if]
WARN  | game_01.lua:131:8 | Unnecessary `if` statement: this condition is always truthy [unnecessary-if]
WARN  | game_01.lua:332:8 | Unnecessary `if` statement: this condition is always truthy [unnecessary-if]
WARN  | game_01.lua:336:8 | Unnecessary `if` statement: this condition is always truthy [unnecessary-if]
WARN  | game_01.lua:639:8 | Unnecessary `if` statement: this condition is always truthy [unnecessary-if]
WARN  | game_01.lua:1063:8 | Unnecessary `if` statement: this condition is always truthy [unnecessary-if]
WARN  | game_01.lua:1068:19 | Cannot call expression of type `never`. [call-non-callable]
WARN  | game_01.lua:1112:19 | Cannot call expression of type `never`. [call-non-callable]
WARN  | game_01.lua:1068:19 | uiRoot_ may be nil [need-check-nil]
WARN  | game_01.lua:1112:19 | uiRoot_ may be nil [need-check-nil]
WARN  | game_01.lua:132:16 | Undefined field `Remove`. [undefined-field]
WARN  | game_01.lua:164:12 | Undefined field `CreateComponent`. [undefined-field]
WARN  | game_01.lua:165:12 | Undefined field `CreateComponent`. [undefined-field]
WARN  | game_01.lua:167:33 | Undefined field `CreateComponent`. [undefined-field]
WARN  | game_01.lua:172:26 | Undefined field `CreateChild`. [undefined-field]
WARN  | game_01.lua:173:32 | Undefined field `CreateComponent`. [undefined-field]
WARN  | game_01.lua:204:25 | Undefined field `CreateChild`. [undefined-field]
WARN  | game_01.lua:228:26 | Undefined field `CreateChild`. [undefined-field]
WARN  | game_01.lua:232:31 | Undefined field `CreateComponent`. [undefined-field]
WARN  | game_01.lua:238:17 | Undefined field `SetScale`. [undefined-field]
WARN  | game_01.lua:241:31 | Undefined field `CreateComponent`. [undefined-field]
WARN  | game_01.lua:247:31 | Undefined field `CreateComponent`. [undefined-field]
WARN  | game_01.lua:254:36 | Undefined field `CreateComponent`. [undefined-field]
WARN  | game_01.lua:266:25 | Undefined field `CreateChild`. [undefined-field]
WARN  | game_01.lua:270:30 | Undefined field `CreateComponent`. [undefined-field]
WARN  | game_01.lua:276:16 | Undefined field `SetScale`. [undefined-field]
WARN  | game_01.lua:279:29 | Undefined field `CreateComponent`. [undefined-field]
WARN  | game_01.lua:283:30 | Undefined field `CreateComponent`. [undefined-field]
WARN  | game_01.lua:309:34 | Undefined field `CreateChild`. [undefined-field]
WARN  | game_01.lua:311:21 | Undefined field `SetScale`. [undefined-field]
WARN  | game_01.lua:312:37 | Undefined field `CreateComponent`. [undefined-field]
WARN  | game_01.lua:320:35 | Undefined field `CreateChild`. [undefined-field]
WARN  | game_01.lua:322:22 | Undefined field `SetScale`. [undefined-field]
WARN  | game_01.lua:323:40 | Undefined field `CreateComponent`. [undefined-field]
WARN  | game_01.lua:333:25 | Undefined field `Remove`. [undefined-field]
WARN  | game_01.lua:337:26 | Undefined field `Remove`. [undefined-field]
WARN  | game_01.lua:344:28 | Undefined field `CreateChild`. [undefined-field]
WARN  | game_01.lua:347:33 | Undefined field `CreateComponent`. [undefined-field]
WARN  | game_01.lua:354:19 | Undefined field `SetScale`. [undefined-field]
WARN  | game_01.lua:355:19 | Undefined field `SetEnabled`. [undefined-field]
WARN  | game_01.lua:640:32 | Undefined field `position`. [undefined-field]
WARN  | game_01.lua:641:32 | Undefined field `position`. [undefined-field]
WARN  | game_01.lua:644:23 | Undefined field `SetEnabled`. [undefined-field]
WARN  | game_01.lua:650:39 | Undefined field `position2D`. [undefined-field]
WARN  | game_01.lua:651:37 | Undefined field `position2D`. [undefined-field]
WARN  | game_01.lua:652:45 | Undefined field `Length`. [undefined-field]
WARN  | game_01.lua:658:38 | Undefined field `GetComponent`. [undefined-field]
WARN  | game_01.lua:668:28 | Undefined field `SetEnabled`. [undefined-field]
WARN  | game_01.lua:690:26 | Undefined field `TimeStep`. [undefined-field]
WARN  | game_01.lua:788:29 | Undefined field `GetLinearVelocity`. [undefined-field]
WARN  | game_01.lua:792:17 | Undefined field `SetLinearVelocity`. [undefined-field]
WARN  | game_01.lua:822:25 | Undefined field `SetLinearVelocity`. [undefined-field]
WARN  | game_01.lua:829:25 | Undefined field `SetLinearVelocity`. [undefined-field]
WARN  | game_01.lua:839:31 | Undefined field `GetComponent`. [undefined-field]
WARN  | game_01.lua:857:27 | Undefined field `SetEnabled`. [undefined-field]
WARN  | game_01.lua:869:38 | Undefined field `GetComponent`. [undefined-field]
WARN  | game_01.lua:893:33 | Undefined field `position`. [undefined-field]
WARN  | game_01.lua:894:35 | Undefined field `position`. [undefined-field]
WARN  | game_01.lua:922:38 | Undefined field `GetComponent`. [undefined-field]
WARN  | game_01.lua:973:22 | Undefined field `SetScale`. [undefined-field]
WARN  | game_01.lua:997:33 | Undefined field `position`. [undefined-field]
WARN  | game_01.lua:998:33 | Undefined field `position`. [undefined-field]
WARN  | game_01.lua:999:32 | Undefined field `position`. [undefined-field]
WARN  | game_01.lua:1026:29 | Undefined field `NodeA`. [undefined-field]
WARN  | game_01.lua:1027:29 | Undefined field `NodeB`. [undefined-field]
WARN  | game_01.lua:1043:29 | Undefined field `NodeA`. [undefined-field]
WARN  | game_01.lua:1044:29 | Undefined field `NodeB`. [undefined-field]
WARN  | game_01.lua:1064:21 | Undefined field `Remove`. [undefined-field]
WARN  | game_01.lua:1081:17 | Undefined field `SetLinearVelocity`. [undefined-field]
WARN  | game_01.lua:1097:16 | Undefined field `SetEnabled`. [undefined-field]
WARN  | game_01.lua:1098:16 | Undefined field `SetLinearVelocity`. [undefined-field]
WARN  | game_01.lua:1099:30 | Undefined field `GetComponent`. [undefined-field]
WARN  | game_01.lua:7:20 | Cannot resolve module `urhox-libs/UI`. [unresolved-require]
WARN  | game_01.lua:657:13 | Global variable should only be defined in module scope [global-in-non-module]
WARN  | game_mode.lua:87:8 | Unnecessary `if` statement: this condition is always truthy [unnecessary-if]
WARN  | game_mode.lua:88:8 | Unnecessary `if` statement: this condition is always truthy [unnecessary-if]
WARN  | game_mode.lua:89:8 | Unnecessary `if` statement: this condition is always truthy [unnecessary-if]
WARN  | game_mode.lua:90:8 | Unnecessary `if` statement: this condition is always truthy [unnecessary-if]
WARN  | game_mode.lua:252:8 | Unnecessary `if` statement: this condition is always truthy [unnecessary-if]
WARN  | game_mode.lua:275:12 | Unnecessary `if` statement: this condition is always truthy [unnecessary-if]
WARN  | game_mode.lua:277:12 | Impossible `if` statement: this condition is always falsy [unnecessary-if]
WARN  | game_mode.lua:280:12 | Impossible `if` statement: this condition is always falsy [unnecessary-if]
WARN  | game_mode.lua:291:16 | Impossible `if` statement: this condition is always falsy [unnecessary-if]
WARN  | game_mode.lua:295:12 | Unnecessary `if` statement: this condition is always truthy [unnecessary-if]
WARN  | game_mode.lua:324:8 | Unnecessary `if` statement: this condition is always truthy [unnecessary-if]
WARN  | game_mode.lua:340:8 | Unnecessary `if` statement: this condition is always truthy [unnecessary-if]
WARN  | game_mode.lua:352:8 | Unnecessary `if` statement: this condition is always truthy [unnecessary-if]
WARN  | game_mode.lua:365:8 | Unnecessary `if` statement: this condition is always truthy [unnecessary-if]
WARN  | game_mode.lua:614:12 | Unnecessary `if` statement: this condition is always truthy [unnecessary-if]
WARN  | game_mode.lua:621:12 | Unnecessary `if` statement: this condition is always truthy [unnecessary-if]
WARN  | game_mode.lua:627:12 | Unnecessary `if` statement: this condition is always truthy [unnecessary-if]
WARN  | game_mode.lua:648:8 | Unnecessary `if` statement: this condition is always truthy [unnecessary-if]
WARN  | game_mode.lua:921:8 | Unnecessary `if` statement: this condition is always truthy [unnecessary-if]
WARN  | game_mode.lua:929:12 | Unnecessary `if` statement: this condition is always truthy [unnecessary-if]
WARN  | game_mode.lua:948:8 | Unnecessary `if` statement: this condition is always truthy [unnecessary-if]
WARN  | game_mode.lua:995:16 | Unnecessary `if` statement: this condition is always truthy [unnecessary-if]
WARN  | game_mode.lua:996:16 | Unnecessary `if` statement: this condition is always truthy [unnecessary-if]
WARN  | game_mode.lua:1004:8 | Unnecessary `if` statement: this condition is always truthy [unnecessary-if]
WARN  | game_mode.lua:1005:8 | Unnecessary `if` statement: this condition is always truthy [unnecessary-if]
WARN  | game_mode.lua:1006:8 | Unnecessary `if` statement: this condition is always truthy [unnecessary-if]
WARN  | game_mode.lua:1013:8 | Unnecessary `if` statement: this condition is always truthy [unnecessary-if]
WARN  | game_mode.lua:1014:8 | Unnecessary `if` statement: this condition is always truthy [unnecessary-if]
WARN  | game_mode.lua:1015:8 | Unnecessary `if` statement: this condition is always truthy [unnecessary-if]
WARN  | game_mode.lua:1038:8 | Unnecessary `if` statement: this condition is always truthy [unnecessary-if]
WARN  | game_mode.lua:1062:8 | Unnecessary `if` statement: this condition is always truthy [unnecessary-if]
WARN  | game_mode.lua:1063:8 | Unnecessary `if` statement: this condition is always truthy [unnecessary-if]
WARN  | game_mode.lua:1064:8 | Unnecessary `if` statement: this condition is always truthy [unnecessary-if]
WARN  | game_mode.lua:1112:16 | Unnecessary `if` statement: this condition is always truthy [unnecessary-if]
WARN  | game_mode.lua:1123:8 | Unnecessary `if` statement: this condition is always truthy [unnecessary-if]
WARN  | game_mode.lua:1124:8 | Unnecessary `if` statement: this condition is always truthy [unnecessary-if]
WARN  | game_mode.lua:1125:8 | Unnecessary `if` statement: this condition is always truthy [unnecessary-if]
WARN  | game_mode.lua:1126:8 | Unnecessary `if` statement: this condition is always truthy [unnecessary-if]
WARN  | game_mode.lua:1127:8 | Unnecessary `if` statement: this condition is always truthy [unnecessary-if]
WARN  | game_mode.lua:1128:8 | Unnecessary `if` statement: this condition is always truthy [unnecessary-if]
WARN  | game_mode.lua:1140:8 | Unnecessary `if` statement: this condition is always truthy [unnecessary-if]
WARN  | game_mode.lua:48:5 | G may be nil [need-check-nil]
WARN  | game_mode.lua:56:5 | G may be nil [need-check-nil]
WARN  | game_mode.lua:57:5 | G may be nil [need-check-nil]
WARN  | game_mode.lua:59:5 | G may be nil [need-check-nil]
WARN  | game_mode.lua:59:23 | G may be nil [need-check-nil]
WARN  | game_mode.lua:60:5 | G may be nil [need-check-nil]
WARN  | game_mode.lua:62:23 | G may be nil [need-check-nil]
WARN  | game_mode.lua:70:5 | G may be nil [need-check-nil]
WARN  | game_mode.lua:70:20 | G may be nil [need-check-nil]
WARN  | game_mode.lua:71:5 | G may be nil [need-check-nil]
WARN  | game_mode.lua:73:5 | G may be nil [need-check-nil]
WARN  | game_mode.lua:73:17 | G may be nil [need-check-nil]
WARN  | game_mode.lua:74:5 | G may be nil [need-check-nil]
WARN  | game_mode.lua:75:5 | G may be nil [need-check-nil]
WARN  | game_mode.lua:77:35 | G may be nil [need-check-nil]
WARN  | game_mode.lua:77:45 | G may be nil [need-check-nil]
WARN  | game_mode.lua:87:8 | G may be nil [need-check-nil]
WARN  | game_mode.lua:87:28 | G may be nil [need-check-nil]
WARN  | game_mode.lua:87:54 | G may be nil [need-check-nil]
WARN  | game_mode.lua:88:8 | G may be nil [need-check-nil]
WARN  | game_mode.lua:88:22 | G may be nil [need-check-nil]
WARN  | game_mode.lua:88:42 | G may be nil [need-check-nil]
WARN  | game_mode.lua:89:8 | G may be nil [need-check-nil]
WARN  | game_mode.lua:89:22 | G may be nil [need-check-nil]
WARN  | game_mode.lua:89:42 | G may be nil [need-check-nil]
WARN  | game_mode.lua:90:8 | G may be nil [need-check-nil]
WARN  | game_mode.lua:90:24 | G may be nil [need-check-nil]
WARN  | game_mode.lua:90:46 | G may be nil [need-check-nil]
WARN  | game_mode.lua:91:24 | G may be nil [need-check-nil]
WARN  | game_mode.lua:100:5 | G may be nil [need-check-nil]
WARN  | game_mode.lua:102:12 | G may be nil [need-check-nil]
WARN  | game_mode.lua:103:9 | G may be nil [need-check-nil]
WARN  | game_mode.lua:114:36 | G may be nil [need-check-nil]
WARN  | game_mode.lua:116:30 | G may be nil [need-check-nil]
WARN  | game_mode.lua:117:20 | G may be nil [need-check-nil]
WARN  | game_mode.lua:156:22 | G may be nil [need-check-nil]
WARN  | game_mode.lua:159:16 | G may be nil [need-check-nil]
WARN  | game_mode.lua:161:20 | G may be nil [need-check-nil]
WARN  | game_mode.lua:164:5 | G may be nil [need-check-nil]
WARN  | game_mode.lua:164:27 | G may be nil [need-check-nil]
WARN  | game_mode.lua:164:37 | G may be nil [need-check-nil]
WARN  | game_mode.lua:166:26 | G may be nil [need-check-nil]
WARN  | game_mode.lua:168:29 | G may be nil [need-check-nil]
WARN  | game_mode.lua:168:39 | G may be nil [need-check-nil]
WARN  | game_mode.lua:168:50 | G may be nil [need-check-nil]
WARN  | game_mode.lua:169:22 | G may be nil [need-check-nil]
WARN  | game_mode.lua:171:5 | G may be nil [need-check-nil]
WARN  | game_mode.lua:171:24 | G may be nil [need-check-nil]
WARN  | game_mode.lua:172:24 | G may be nil [need-check-nil]
WARN  | game_mode.lua:173:23 | G may be nil [need-check-nil]
WARN  | game_mode.lua:176:5 | G may be nil [need-check-nil]
WARN  | game_mode.lua:176:27 | G may be nil [need-check-nil]
WARN  | game_mode.lua:176:43 | G may be nil [need-check-nil]
WARN  | game_mode.lua:177:8 | G may be nil [need-check-nil]
WARN  | game_mode.lua:178:9 | G may be nil [need-check-nil]
WARN  | game_mode.lua:178:27 | G may be nil [need-check-nil]
WARN  | game_mode.lua:178:61 | G may be nil [need-check-nil]
WARN  | game_mode.lua:181:5 | G may be nil [need-check-nil]
WARN  | game_mode.lua:181:39 | G may be nil [need-check-nil]
WARN  | game_mode.lua:181:49 | G may be nil [need-check-nil]
WARN  | game_mode.lua:181:59 | G may be nil [need-check-nil]
WARN  | game_mode.lua:182:5 | G may be nil [need-check-nil]
WARN  | game_mode.lua:182:29 | G may be nil [need-check-nil]
WARN  | game_mode.lua:183:5 | G may be nil [need-check-nil]
WARN  | game_mode.lua:183:29 | G may be nil [need-check-nil]
WARN  | game_mode.lua:185:5 | G may be nil [need-check-nil]
WARN  | game_mode.lua:186:5 | G may be nil [need-check-nil]
WARN  | game_mode.lua:186:27 | G may be nil [need-check-nil]
WARN  | game_mode.lua:187:5 | G may be nil [need-check-nil]
WARN  | game_mode.lua:187:35 | G may be nil [need-check-nil]
WARN  | game_mode.lua:187:45 | G may be nil [need-check-nil]
WARN  | game_mode.lua:187:55 | G may be nil [need-check-nil]
WARN  | game_mode.lua:187:66 | G may be nil [need-check-nil]
WARN  | game_mode.lua:188:5 | G may be nil [need-check-nil]
WARN  | game_mode.lua:188:27 | G may be nil [need-check-nil]
WARN  | game_mode.lua:189:5 | G may be nil [need-check-nil]
WARN  | game_mode.lua:189:23 | G may be nil [need-check-nil]
WARN  | game_mode.lua:190:24 | G may be nil [need-check-nil]
WARN  | game_mode.lua:191:24 | G may be nil [need-check-nil]
WARN  | game_mode.lua:194:5 | G may be nil [need-check-nil]
WARN  | game_mode.lua:194:43 | G may be nil [need-check-nil]
WARN  | game_mode.lua:195:5 | G may be nil [need-check-nil]
WARN  | game_mode.lua:195:41 | G may be nil [need-check-nil]
WARN  | game_mode.lua:196:5 | G may be nil [need-check-nil]
WARN  | game_mode.lua:196:46 | G may be nil [need-check-nil]
WARN  | game_mode.lua:198:5 | G may be nil [need-check-nil]
WARN  | game_mode.lua:199:23 | G may be nil [need-check-nil]
WARN  | game_mode.lua:202:5 | G may be nil [need-check-nil]
WARN  | game_mode.lua:205:5 | G may be nil [need-check-nil]
WARN  | game_mode.lua:206:5 | G may be nil [need-check-nil]
WARN  | game_mode.lua:206:33 | G may be nil [need-check-nil]
WARN  | game_mode.lua:207:5 | G may be nil [need-check-nil]
WARN  | game_mode.lua:208:9 | G may be nil [need-check-nil]
WARN  | game_mode.lua:210:5 | G may be nil [need-check-nil]
WARN  | game_mode.lua:211:9 | G may be nil [need-check-nil]
WARN  | game_mode.lua:213:5 | G may be nil [need-check-nil]
WARN  | game_mode.lua:214:9 | G may be nil [need-check-nil]
WARN  | game_mode.lua:215:31 | G may be nil [need-check-nil]
WARN  | game_mode.lua:217:5 | G may be nil [need-check-nil]
WARN  | game_mode.lua:218:9 | G may be nil [need-check-nil]
WARN  | game_mode.lua:221:5 | G may be nil [need-check-nil]
WARN  | game_mode.lua:222:9 | G may be nil [need-check-nil]
WARN  | game_mode.lua:224:5 | G may be nil [need-check-nil]
WARN  | game_mode.lua:225:9 | G may be nil [need-check-nil]
WARN  | game_mode.lua:230:5 | G may be nil [need-check-nil]
WARN  | game_mode.lua:232:74 | G may be nil [need-check-nil]
WARN  | game_mode.lua:232:119 | G may be nil [need-check-nil]
WARN  | game_mode.lua:239:5 | G may be nil [need-check-nil]
WARN  | game_mode.lua:240:5 | G may be nil [need-check-nil]
WARN  | game_mode.lua:244:5 | G may be nil [need-check-nil]
WARN  | game_mode.lua:250:21 | G may be nil [need-check-nil]
WARN  | game_mode.lua:250:34 | G may be nil [need-check-nil]
WARN  | game_mode.lua:252:8 | G may be nil [need-check-nil]
WARN  | game_mode.lua:255:29 | G may be nil [need-check-nil]
WARN  | game_mode.lua:256:28 | G may be nil [need-check-nil]
WARN  | game_mode.lua:257:27 | G may be nil [need-check-nil]
WARN  | game_mode.lua:258:32 | G may be nil [need-check-nil]
WARN  | game_mode.lua:259:33 | G may be nil [need-check-nil]
WARN  | game_mode.lua:260:27 | G may be nil [need-check-nil]
WARN  | game_mode.lua:261:26 | G may be nil [need-check-nil]
WARN  | game_mode.lua:262:28 | G may be nil [need-check-nil]
WARN  | game_mode.lua:263:31 | G may be nil [need-check-nil]
WARN  | game_mode.lua:265:27 | G may be nil [need-check-nil]
WARN  | game_mode.lua:275:12 | G may be nil [need-check-nil]
WARN  | game_mode.lua:275:26 | G may be nil [need-check-nil]
WARN  | game_mode.lua:277:24 | G may be nil [need-check-nil]
WARN  | game_mode.lua:278:13 | G may be nil [need-check-nil]
WARN  | game_mode.lua:280:28 | G may be nil [need-check-nil]
WARN  | game_mode.lua:281:13 | G may be nil [need-check-nil]
WARN  | game_mode.lua:282:13 | G may be nil [need-check-nil]
WARN  | game_mode.lua:283:13 | G may be nil [need-check-nil]
WARN  | game_mode.lua:284:13 | G may be nil [need-check-nil]
WARN  | game_mode.lua:285:13 | G may be nil [need-check-nil]
WARN  | game_mode.lua:286:13 | G may be nil [need-check-nil]
WARN  | game_mode.lua:287:13 | G may be nil [need-check-nil]
WARN  | game_mode.lua:288:13 | G may be nil [need-check-nil]
WARN  | game_mode.lua:289:13 | G may be nil [need-check-nil]
WARN  | game_mode.lua:290:13 | G may be nil [need-check-nil]
WARN  | game_mode.lua:295:12 | G may be nil [need-check-nil]
WARN  | game_mode.lua:295:26 | G may be nil [need-check-nil]
WARN  | game_mode.lua:298:5 | G may be nil [need-check-nil]
WARN  | game_mode.lua:299:5 | G may be nil [need-check-nil]
WARN  | game_mode.lua:300:5 | G may be nil [need-check-nil]
WARN  | game_mode.lua:301:5 | G may be nil [need-check-nil]
WARN  | game_mode.lua:302:5 | G may be nil [need-check-nil]
WARN  | game_mode.lua:303:5 | G may be nil [need-check-nil]
WARN  | game_mode.lua:304:5 | G may be nil [need-check-nil]
WARN  | game_mode.lua:305:5 | G may be nil [need-check-nil]
WARN  | game_mode.lua:306:5 | G may be nil [need-check-nil]
WARN  | game_mode.lua:314:5 | G may be nil [need-check-nil]
WARN  | game_mode.lua:315:9 | G may be nil [need-check-nil]
WARN  | game_mode.lua:324:8 | G may be nil [need-check-nil]
WARN  | game_mode.lua:325:9 | G may be nil [need-check-nil]
WARN  | game_mode.lua:327:9 | G may be nil [need-check-nil]
WARN  | game_mode.lua:329:5 | G may be nil [need-check-nil]
WARN  | game_mode.lua:330:5 | G may be nil [need-check-nil]
WARN  | game_mode.lua:336:5 | G may be nil [need-check-nil]
WARN  | game_mode.lua:337:5 | G may be nil [need-check-nil]
WARN  | game_mode.lua:338:5 | G may be nil [need-check-nil]
WARN  | game_mode.lua:339:5 | G may be nil [need-check-nil]
WARN  | game_mode.lua:340:8 | G may be nil [need-check-nil]
WARN  | game_mode.lua:340:26 | G may be nil [need-check-nil]
WARN  | game_mode.lua:341:5 | G may be nil [need-check-nil]
WARN  | game_mode.lua:342:5 | G may be nil [need-check-nil]
WARN  | game_mode.lua:343:5 | G may be nil [need-check-nil]
WARN  | game_mode.lua:344:5 | G may be nil [need-check-nil]
WARN  | game_mode.lua:345:5 | G may be nil [need-check-nil]
WARN  | game_mode.lua:350:5 | G may be nil [need-check-nil]
WARN  | game_mode.lua:351:5 | G may be nil [need-check-nil]
WARN  | game_mode.lua:352:8 | G may be nil [need-check-nil]
WARN  | game_mode.lua:352:26 | G may be nil [need-check-nil]
WARN  | game_mode.lua:353:5 | G may be nil [need-check-nil]
WARN  | game_mode.lua:354:5 | G may be nil [need-check-nil]
WARN  | game_mode.lua:355:24 | G may be nil [need-check-nil]
WARN  | game_mode.lua:358:5 | G may be nil [need-check-nil]
WARN  | game_mode.lua:365:8 | G may be nil [need-check-nil]
WARN  | game_mode.lua:366:9 | G may be nil [need-check-nil]
WARN  | game_mode.lua:369:12 | G may be nil [need-check-nil]
WARN  | game_mode.lua:374:8 | G may be nil [need-check-nil]
WARN  | game_mode.lua:450:18 | camPos may be nil [need-check-nil]
WARN  | game_mode.lua:450:44 | camPos may be nil [need-check-nil]
WARN  | game_mode.lua:451:18 | camPos may be nil [need-check-nil]
WARN  | game_mode.lua:451:44 | camPos may be nil [need-check-nil]
WARN  | game_mode.lua:461:5 | G may be nil [need-check-nil]
WARN  | game_mode.lua:462:5 | G may be nil [need-check-nil]
WARN  | game_mode.lua:467:5 | G may be nil [need-check-nil]
WARN  | game_mode.lua:468:5 | G may be nil [need-check-nil]
WARN  | game_mode.lua:474:5 | G may be nil [need-check-nil]
WARN  | game_mode.lua:477:14 | G may be nil [need-check-nil]
WARN  | game_mode.lua:492:5 | G may be nil [need-check-nil]
WARN  | game_mode.lua:493:21 | G may be nil [need-check-nil]
WARN  | game_mode.lua:494:5 | G may be nil [need-check-nil]
WARN  | game_mode.lua:495:5 | G may be nil [need-check-nil]
WARN  | game_mode.lua:496:5 | G may be nil [need-check-nil]
WARN  | game_mode.lua:497:5 | G may be nil [need-check-nil]
WARN  | game_mode.lua:498:5 | G may be nil [need-check-nil]
WARN  | game_mode.lua:499:5 | G may be nil [need-check-nil]
WARN  | game_mode.lua:500:5 | G may be nil [need-check-nil]
WARN  | game_mode.lua:503:5 | G may be nil [need-check-nil]
WARN  | game_mode.lua:509:22 | G may be nil [need-check-nil]
WARN  | game_mode.lua:519:9 | G may be nil [need-check-nil]
WARN  | game_mode.lua:523:9 | G may be nil [need-check-nil]
WARN  | game_mode.lua:527:9 | G may be nil [need-check-nil]
WARN  | game_mode.lua:532:9 | G may be nil [need-check-nil]
WARN  | game_mode.lua:537:9 | G may be nil [need-check-nil]
WARN  | game_mode.lua:542:9 | G may be nil [need-check-nil]
WARN  | game_mode.lua:546:9 | G may be nil [need-check-nil]
WARN  | game_mode.lua:558:28 | G may be nil [need-check-nil]
WARN  | game_mode.lua:568:9 | G may be nil [need-check-nil]
WARN  | game_mode.lua:571:9 | G may be nil [need-check-nil]
WARN  | game_mode.lua:574:9 | G may be nil [need-check-nil]
WARN  | game_mode.lua:577:9 | G may be nil [need-check-nil]
WARN  | game_mode.lua:580:9 | G may be nil [need-check-nil]
WARN  | game_mode.lua:583:9 | G may be nil [need-check-nil]
WARN  | game_mode.lua:586:9 | G may be nil [need-check-nil]
WARN  | game_mode.lua:589:9 | G may be nil [need-check-nil]
WARN  | game_mode.lua:593:21 | G may be nil [need-check-nil]
WARN  | game_mode.lua:593:34 | G may be nil [need-check-nil]
WARN  | game_mode.lua:594:21 | G may be nil [need-check-nil]
WARN  | game_mode.lua:597:21 | G may be nil [need-check-nil]
WARN  | game_mode.lua:597:34 | G may be nil [need-check-nil]
WARN  | game_mode.lua:598:21 | G may be nil [need-check-nil]
WARN  | game_mode.lua:601:21 | G may be nil [need-check-nil]
WARN  | game_mode.lua:601:34 | G may be nil [need-check-nil]
WARN  | game_mode.lua:602:21 | G may be nil [need-check-nil]
WARN  | game_mode.lua:605:21 | G may be nil [need-check-nil]
WARN  | game_mode.lua:605:34 | G may be nil [need-check-nil]
WARN  | game_mode.lua:606:21 | G may be nil [need-check-nil]
WARN  | game_mode.lua:609:21 | G may be nil [need-check-nil]
WARN  | game_mode.lua:609:34 | G may be nil [need-check-nil]
WARN  | game_mode.lua:610:21 | G may be nil [need-check-nil]
WARN  | game_mode.lua:614:12 | G may be nil [need-check-nil]
WARN  | game_mode.lua:614:35 | G may be nil [need-check-nil]
WARN  | game_mode.lua:615:9 | G may be nil [need-check-nil]
WARN  | game_mode.lua:619:9 | G may be nil [need-check-nil]
WARN  | game_mode.lua:620:9 | G may be nil [need-check-nil]
WARN  | game_mode.lua:621:12 | G may be nil [need-check-nil]
WARN  | game_mode.lua:621:30 | G may be nil [need-check-nil]
WARN  | game_mode.lua:625:9 | G may be nil [need-check-nil]
WARN  | game_mode.lua:626:9 | G may be nil [need-check-nil]
WARN  | game_mode.lua:627:12 | G may be nil [need-check-nil]
WARN  | game_mode.lua:627:30 | G may be nil [need-check-nil]
WARN  | game_mode.lua:648:8 | G may be nil [need-check-nil]
WARN  | game_mode.lua:649:9 | G may be nil [need-check-nil]
WARN  | game_mode.lua:657:5 | G may be nil [need-check-nil]
WARN  | game_mode.lua:658:21 | G may be nil [need-check-nil]
WARN  | game_mode.lua:659:5 | G may be nil [need-check-nil]
WARN  | game_mode.lua:660:5 | G may be nil [need-check-nil]
WARN  | game_mode.lua:661:5 | G may be nil [need-check-nil]
WARN  | game_mode.lua:664:5 | G may be nil [need-check-nil]
WARN  | game_mode.lua:672:5 | G may be nil [need-check-nil]
WARN  | game_mode.lua:680:5 | G may be nil [need-check-nil]
WARN  | game_mode.lua:703:5 | G may be nil [need-check-nil]
WARN  | game_mode.lua:704:21 | G may be nil [need-check-nil]
WARN  | game_mode.lua:705:5 | G may be nil [need-check-nil]
WARN  | game_mode.lua:706:5 | G may be nil [need-check-nil]
WARN  | game_mode.lua:707:5 | G may be nil [need-check-nil]
WARN  | game_mode.lua:712:5 | G may be nil [need-check-nil]
WARN  | game_mode.lua:718:5 | G may be nil [need-check-nil]
WARN  | game_mode.lua:726:5 | G may be nil [need-check-nil]
WARN  | game_mode.lua:743:5 | G may be nil [need-check-nil]
WARN  | game_mode.lua:759:5 | G may be nil [need-check-nil]
WARN  | game_mode.lua:769:5 | G may be nil [need-check-nil]
WARN  | game_mode.lua:774:5 | G may be nil [need-check-nil]
WARN  | game_mode.lua:775:21 | G may be nil [need-check-nil]
WARN  | game_mode.lua:776:5 | G may be nil [need-check-nil]
WARN  | game_mode.lua:777:5 | G may be nil [need-check-nil]
WARN  | game_mode.lua:778:5 | G may be nil [need-check-nil]
WARN  | game_mode.lua:779:5 | G may be nil [need-check-nil]
WARN  | game_mode.lua:783:5 | G may be nil [need-check-nil]
WARN  | game_mode.lua:793:5 | G may be nil [need-check-nil]
WARN  | game_mode.lua:794:5 | G may be nil [need-check-nil]
WARN  | game_mode.lua:794:34 | G may be nil [need-check-nil]
WARN  | game_mode.lua:795:5 | G may be nil [need-check-nil]
WARN  | game_mode.lua:796:5 | G may be nil [need-check-nil]
WARN  | game_mode.lua:797:5 | G may be nil [need-check-nil]
WARN  | game_mode.lua:798:5 | G may be nil [need-check-nil]
WARN  | game_mode.lua:799:5 | G may be nil [need-check-nil]
WARN  | game_mode.lua:800:5 | G may be nil [need-check-nil]
WARN  | game_mode.lua:802:51 | G may be nil [need-check-nil]
WARN  | game_mode.lua:804:9 | G may be nil [need-check-nil]
WARN  | game_mode.lua:805:9 | G may be nil [need-check-nil]
WARN  | game_mode.lua:810:5 | G may be nil [need-check-nil]
WARN  | game_mode.lua:811:5 | G may be nil [need-check-nil]
WARN  | game_mode.lua:811:34 | G may be nil [need-check-nil]
WARN  | game_mode.lua:812:5 | G may be nil [need-check-nil]
WARN  | game_mode.lua:813:5 | G may be nil [need-check-nil]
WARN  | game_mode.lua:814:5 | G may be nil [need-check-nil]
WARN  | game_mode.lua:815:5 | G may be nil [need-check-nil]
WARN  | game_mode.lua:816:5 | G may be nil [need-check-nil]
WARN  | game_mode.lua:819:5 | G may be nil [need-check-nil]
WARN  | game_mode.lua:825:22 | G may be nil [need-check-nil]
WARN  | game_mode.lua:828:5 | G may be nil [need-check-nil]
WARN  | game_mode.lua:829:5 | G may be nil [need-check-nil]
WARN  | game_mode.lua:841:5 | G may be nil [need-check-nil]
WARN  | game_mode.lua:842:21 | G may be nil [need-check-nil]
WARN  | game_mode.lua:843:5 | G may be nil [need-check-nil]
WARN  | game_mode.lua:844:5 | G may be nil [need-check-nil]
WARN  | game_mode.lua:845:5 | G may be nil [need-check-nil]
WARN  | game_mode.lua:846:5 | G may be nil [need-check-nil]
WARN  | game_mode.lua:850:5 | G may be nil [need-check-nil]
WARN  | game_mode.lua:860:5 | G may be nil [need-check-nil]
WARN  | game_mode.lua:861:5 | G may be nil [need-check-nil]
WARN  | game_mode.lua:861:33 | G may be nil [need-check-nil]
WARN  | game_mode.lua:862:5 | G may be nil [need-check-nil]
WARN  | game_mode.lua:863:5 | G may be nil [need-check-nil]
WARN  | game_mode.lua:864:5 | G may be nil [need-check-nil]
WARN  | game_mode.lua:865:5 | G may be nil [need-check-nil]
WARN  | game_mode.lua:866:5 | G may be nil [need-check-nil]
WARN  | game_mode.lua:867:5 | G may be nil [need-check-nil]
WARN  | game_mode.lua:870:9 | G may be nil [need-check-nil]
WARN  | game_mode.lua:871:9 | G may be nil [need-check-nil]
WARN  | game_mode.lua:877:5 | G may be nil [need-check-nil]
WARN  | game_mode.lua:878:5 | G may be nil [need-check-nil]
WARN  | game_mode.lua:878:33 | G may be nil [need-check-nil]
WARN  | game_mode.lua:879:5 | G may be nil [need-check-nil]
WARN  | game_mode.lua:880:5 | G may be nil [need-check-nil]
WARN  | game_mode.lua:881:5 | G may be nil [need-check-nil]
WARN  | game_mode.lua:882:5 | G may be nil [need-check-nil]
WARN  | game_mode.lua:883:5 | G may be nil [need-check-nil]
WARN  | game_mode.lua:884:5 | G may be nil [need-check-nil]
WARN  | game_mode.lua:887:5 | G may be nil [need-check-nil]
WARN  | game_mode.lua:893:22 | G may be nil [need-check-nil]
WARN  | game_mode.lua:896:5 | G may be nil [need-check-nil]
WARN  | game_mode.lua:897:5 | G may be nil [need-check-nil]
WARN  | game_mode.lua:897:33 | G may be nil [need-check-nil]
WARN  | game_mode.lua:898:5 | G may be nil [need-check-nil]
WARN  | game_mode.lua:899:5 | G may be nil [need-check-nil]
WARN  | game_mode.lua:900:5 | G may be nil [need-check-nil]
WARN  | game_mode.lua:901:5 | G may be nil [need-check-nil]
WARN  | game_mode.lua:902:5 | G may be nil [need-check-nil]
WARN  | game_mode.lua:903:5 | G may be nil [need-check-nil]
WARN  | game_mode.lua:906:5 | G may be nil [need-check-nil]
WARN  | game_mode.lua:912:22 | G may be nil [need-check-nil]
WARN  | game_mode.lua:915:5 | G may be nil [need-check-nil]
WARN  | game_mode.lua:916:5 | G may be nil [need-check-nil]
WARN  | game_mode.lua:917:5 | G may be nil [need-check-nil]
WARN  | game_mode.lua:921:8 | G may be nil [need-check-nil]
WARN  | game_mode.lua:922:12 | G may be nil [need-check-nil]
WARN  | game_mode.lua:926:9 | G may be nil [need-check-nil]
WARN  | game_mode.lua:929:12 | G may be nil [need-check-nil]
WARN  | game_mode.lua:932:17 | G may be nil [need-check-nil]
WARN  | game_mode.lua:933:17 | G may be nil [need-check-nil]
WARN  | game_mode.lua:938:9 | G may be nil [need-check-nil]
WARN  | game_mode.lua:939:9 | G may be nil [need-check-nil]
WARN  | game_mode.lua:940:9 | G may be nil [need-check-nil]
WARN  | game_mode.lua:943:9 | G may be nil [need-check-nil]
WARN  | game_mode.lua:944:9 | G may be nil [need-check-nil]
WARN  | game_mode.lua:946:5 | G may be nil [need-check-nil]
WARN  | game_mode.lua:947:5 | G may be nil [need-check-nil]
WARN  | game_mode.lua:948:8 | G may be nil [need-check-nil]
WARN  | game_mode.lua:948:26 | G may be nil [need-check-nil]
WARN  | game_mode.lua:949:5 | G may be nil [need-check-nil]
WARN  | game_mode.lua:950:5 | G may be nil [need-check-nil]
WARN  | game_mode.lua:951:24 | G may be nil [need-check-nil]
WARN  | game_mode.lua:961:12 | G may be nil [need-check-nil]
WARN  | game_mode.lua:963:5 | G may be nil [need-check-nil]
WARN  | game_mode.lua:963:22 | G may be nil [need-check-nil]
WARN  | game_mode.lua:965:8 | G may be nil [need-check-nil]
WARN  | game_mode.lua:966:12 | G may be nil [need-check-nil]
WARN  | game_mode.lua:967:13 | G may be nil [need-check-nil]
WARN  | game_mode.lua:968:13 | G may be nil [need-check-nil]
WARN  | game_mode.lua:970:12 | G may be nil [need-check-nil]
WARN  | game_mode.lua:971:35 | G may be nil [need-check-nil]
WARN  | game_mode.lua:984:9 | G may be nil [need-check-nil]
WARN  | game_mode.lua:985:9 | G may be nil [need-check-nil]
WARN  | game_mode.lua:986:9 | G may be nil [need-check-nil]
WARN  | game_mode.lua:989:13 | G may be nil [need-check-nil]
WARN  | game_mode.lua:991:13 | G may be nil [need-check-nil]
WARN  | game_mode.lua:992:13 | G may be nil [need-check-nil]
WARN  | game_mode.lua:993:13 | G may be nil [need-check-nil]
WARN  | game_mode.lua:995:16 | G may be nil [need-check-nil]
WARN  | game_mode.lua:995:38 | G may be nil [need-check-nil]
WARN  | game_mode.lua:996:16 | G may be nil [need-check-nil]
WARN  | game_mode.lua:996:41 | G may be nil [need-check-nil]
WARN  | game_mode.lua:1002:5 | G may be nil [need-check-nil]
WARN  | game_mode.lua:1003:5 | G may be nil [need-check-nil]
WARN  | game_mode.lua:1004:8 | G may be nil [need-check-nil]
WARN  | game_mode.lua:1004:30 | G may be nil [need-check-nil]
WARN  | game_mode.lua:1005:8 | G may be nil [need-check-nil]
WARN  | game_mode.lua:1005:33 | G may be nil [need-check-nil]
WARN  | game_mode.lua:1006:8 | G may be nil [need-check-nil]
WARN  | game_mode.lua:1006:32 | G may be nil [need-check-nil]
WARN  | game_mode.lua:1011:5 | G may be nil [need-check-nil]
WARN  | game_mode.lua:1012:5 | G may be nil [need-check-nil]
WARN  | game_mode.lua:1013:8 | G may be nil [need-check-nil]
WARN  | game_mode.lua:1013:30 | G may be nil [need-check-nil]
WARN  | game_mode.lua:1014:8 | G may be nil [need-check-nil]
WARN  | game_mode.lua:1014:33 | G may be nil [need-check-nil]
WARN  | game_mode.lua:1015:8 | G may be nil [need-check-nil]
WARN  | game_mode.lua:1015:32 | G may be nil [need-check-nil]
WARN  | game_mode.lua:1021:82 | G may be nil [need-check-nil]
WARN  | game_mode.lua:1022:12 | G may be nil [need-check-nil]
WARN  | game_mode.lua:1028:8 | G may be nil [need-check-nil]
WARN  | game_mode.lua:1035:5 | G may be nil [need-check-nil]
WARN  | game_mode.lua:1038:8 | G may be nil [need-check-nil]
WARN  | game_mode.lua:1038:26 | G may be nil [need-check-nil]
WARN  | game_mode.lua:1039:37 | G may be nil [need-check-nil]
WARN  | game_mode.lua:1040:52 | G may be nil [need-check-nil]
WARN  | game_mode.lua:1042:13 | G may be nil [need-check-nil]
WARN  | game_mode.lua:1043:13 | G may be nil [need-check-nil]
WARN  | game_mode.lua:1044:69 | G may be nil [need-check-nil]
WARN  | game_mode.lua:1046:78 | G may be nil [need-check-nil]
WARN  | game_mode.lua:1051:5 | G may be nil [need-check-nil]
WARN  | game_mode.lua:1052:5 | G may be nil [need-check-nil]
WARN  | game_mode.lua:1053:5 | G may be nil [need-check-nil]
WARN  | game_mode.lua:1056:5 | G may be nil [need-check-nil]
WARN  | game_mode.lua:1057:5 | G may be nil [need-check-nil]
WARN  | game_mode.lua:1060:5 | G may be nil [need-check-nil]
WARN  | game_mode.lua:1061:5 | G may be nil [need-check-nil]
WARN  | game_mode.lua:1062:8 | G may be nil [need-check-nil]
WARN  | game_mode.lua:1062:26 | G may be nil [need-check-nil]
WARN  | game_mode.lua:1063:8 | G may be nil [need-check-nil]
WARN  | game_mode.lua:1063:22 | G may be nil [need-check-nil]
WARN  | game_mode.lua:1064:8 | G may be nil [need-check-nil]
WARN  | game_mode.lua:1064:22 | G may be nil [need-check-nil]
WARN  | game_mode.lua:1065:24 | G may be nil [need-check-nil]
WARN  | game_mode.lua:1075:12 | G may be nil [need-check-nil]
WARN  | game_mode.lua:1077:5 | G may be nil [need-check-nil]
WARN  | game_mode.lua:1077:23 | G may be nil [need-check-nil]
WARN  | game_mode.lua:1079:8 | G may be nil [need-check-nil]
WARN  | game_mode.lua:1081:12 | G may be nil [need-check-nil]
WARN  | game_mode.lua:1082:13 | G may be nil [need-check-nil]
WARN  | game_mode.lua:1083:13 | G may be nil [need-check-nil]
WARN  | game_mode.lua:1085:12 | G may be nil [need-check-nil]
WARN  | game_mode.lua:1087:35 | G may be nil [need-check-nil]
WARN  | game_mode.lua:1101:9 | G may be nil [need-check-nil]
WARN  | game_mode.lua:1102:9 | G may be nil [need-check-nil]
WARN  | game_mode.lua:1103:9 | G may be nil [need-check-nil]
WARN  | game_mode.lua:1106:13 | G may be nil [need-check-nil]
WARN  | game_mode.lua:1108:13 | G may be nil [need-check-nil]
WARN  | game_mode.lua:1109:13 | G may be nil [need-check-nil]
WARN  | game_mode.lua:1110:13 | G may be nil [need-check-nil]
WARN  | game_mode.lua:1112:16 | G may be nil [need-check-nil]
WARN  | game_mode.lua:1113:17 | G may be nil [need-check-nil]
WARN  | game_mode.lua:1121:5 | G may be nil [need-check-nil]
WARN  | game_mode.lua:1122:5 | G may be nil [need-check-nil]
WARN  | game_mode.lua:1123:8 | G may be nil [need-check-nil]
WARN  | game_mode.lua:1123:34 | G may be nil [need-check-nil]
WARN  | game_mode.lua:1124:8 | G may be nil [need-check-nil]
WARN  | game_mode.lua:1124:33 | G may be nil [need-check-nil]
WARN  | game_mode.lua:1125:8 | G may be nil [need-check-nil]
WARN  | game_mode.lua:1125:28 | G may be nil [need-check-nil]
WARN  | game_mode.lua:1125:54 | G may be nil [need-check-nil]
WARN  | game_mode.lua:1126:8 | G may be nil [need-check-nil]
WARN  | game_mode.lua:1126:22 | G may be nil [need-check-nil]
WARN  | game_mode.lua:1126:42 | G may be nil [need-check-nil]
WARN  | game_mode.lua:1127:8 | G may be nil [need-check-nil]
WARN  | game_mode.lua:1127:22 | G may be nil [need-check-nil]
WARN  | game_mode.lua:1127:42 | G may be nil [need-check-nil]
WARN  | game_mode.lua:1128:8 | G may be nil [need-check-nil]
WARN  | game_mode.lua:1128:24 | G may be nil [need-check-nil]
WARN  | game_mode.lua:1128:46 | G may be nil [need-check-nil]
WARN  | game_mode.lua:1129:24 | G may be nil [need-check-nil]
WARN  | game_mode.lua:1138:5 | G may be nil [need-check-nil]
WARN  | game_mode.lua:1139:5 | G may be nil [need-check-nil]
WARN  | game_mode.lua:1140:8 | G may be nil [need-check-nil]
WARN  | game_mode.lua:1140:28 | G may be nil [need-check-nil]
WARN  | game_mode.lua:1141:5 | G may be nil [need-check-nil]
WARN  | game_mode.lua:1142:5 | G may be nil [need-check-nil]
WARN  | game_mode.lua:1143:5 | G may be nil [need-check-nil]
WARN  | game_mode.lua:1144:5 | G may be nil [need-check-nil]
WARN  | game_mode.lua:1145:5 | G may be nil [need-check-nil]
WARN  | game_mode.lua:57:14 | Undefined field `CreateComponent`. [undefined-field]
WARN  | game_mode.lua:59:32 | Undefined field `CreateComponent`. [undefined-field]
WARN  | game_mode.lua:62:32 | Undefined field `CreateChild`. [undefined-field]
WARN  | game_mode.lua:70:29 | Undefined field `CreateChild`. [undefined-field]
WARN  | game_mode.lua:73:30 | Undefined field `CreateComponent`. [undefined-field]
WARN  | game_mode.lua:87:43 | Undefined field `destroy`. [undefined-field]
WARN  | game_mode.lua:88:31 | Undefined field `destroy`. [undefined-field]
WARN  | game_mode.lua:89:31 | Undefined field `destroy`. [undefined-field]
WARN  | game_mode.lua:90:35 | Undefined field `destroy`. [undefined-field]
WARN  | game_mode.lua:117:29 | Undefined field `CreateChild`. [undefined-field]
WARN  | game_mode.lua:177:17 | Undefined field `setLevel`. [undefined-field]
WARN  | game_mode.lua:178:18 | Undefined field `setLevel`. [undefined-field]
WARN  | game_mode.lua:250:43 | Undefined field `getHp`. [undefined-field]
WARN  | game_mode.lua:255:44 | Undefined field `deprivedCount`. [undefined-field]
WARN  | game_mode.lua:256:43 | Undefined field `driftEnabled`. [undefined-field]
WARN  | game_mode.lua:257:42 | Undefined field `driftOffset`. [undefined-field]
WARN  | game_mode.lua:258:47 | Undefined field `uiDistortEnabled`. [undefined-field]
WARN  | game_mode.lua:259:48 | Undefined field `trapWarningHidden`. [undefined-field]
WARN  | game_mode.lua:260:42 | Undefined field `timerGlitch`. [undefined-field]
WARN  | game_mode.lua:261:41 | Undefined field `audioMuted`. [undefined-field]
WARN  | game_mode.lua:262:43 | Undefined field `visionFading`. [undefined-field]
WARN  | game_mode.lua:263:46 | Undefined field `visionFadeAlpha`. [undefined-field]
WARN  | game_mode.lua:265:42 | Undefined field `deprived`. [undefined-field]
WARN  | game_mode.lua:275:35 | Undefined field `updateSensesIcons`. [undefined-field]
WARN  | game_mode.lua:295:35 | Undefined field `updateSensesIcons`. [undefined-field]
WARN  | game_mode.lua:302:14 | Undefined field `show`. [undefined-field]
WARN  | game_mode.lua:303:14 | Undefined field `resetCountdown`. [undefined-field]
WARN  | game_mode.lua:304:18 | Undefined field `reset`. [undefined-field]
WARN  | game_mode.lua:305:18 | Undefined field `reset`. [undefined-field]
WARN  | game_mode.lua:306:14 | Undefined field `show`. [undefined-field]
WARN  | game_mode.lua:325:24 | Undefined field `reset`. [undefined-field]
WARN  | game_mode.lua:341:14 | Undefined field `show`. [undefined-field]
WARN  | game_mode.lua:342:14 | Undefined field `resetCountdown`. [undefined-field]
WARN  | game_mode.lua:343:18 | Undefined field `reset`. [undefined-field]
WARN  | game_mode.lua:344:18 | Undefined field `reset`. [undefined-field]
WARN  | game_mode.lua:345:14 | Undefined field `show`. [undefined-field]
WARN  | game_mode.lua:353:14 | Undefined field `hide`. [undefined-field]
WARN  | game_mode.lua:354:14 | Undefined field `hide`. [undefined-field]
WARN  | game_mode.lua:358:19 | Undefined field `show`. [undefined-field]
WARN  | game_mode.lua:366:24 | Undefined field `update`. [undefined-field]
WARN  | game_mode.lua:374:22 | Undefined field `isVisible`. [undefined-field]
WARN  | game_mode.lua:494:16 | Undefined field `SetStyle`. [undefined-field]
WARN  | game_mode.lua:495:16 | Undefined field `SetSize`. [undefined-field]
WARN  | game_mode.lua:496:16 | Undefined field `SetPosition`. [undefined-field]
WARN  | game_mode.lua:497:16 | Undefined field `SetAlignment`. [undefined-field]
WARN  | game_mode.lua:503:16 | Undefined field `AddChild`. [undefined-field]
WARN  | game_mode.lua:519:29 | Undefined field `switchToEditor`. [undefined-field]
WARN  | game_mode.lua:523:23 | Undefined field `showSelect`. [undefined-field]
WARN  | game_mode.lua:527:23 | Undefined field `hide`. [undefined-field]
WARN  | game_mode.lua:532:23 | Undefined field `hide`. [undefined-field]
WARN  | game_mode.lua:537:23 | Undefined field `hide`. [undefined-field]
WARN  | game_mode.lua:542:23 | Undefined field `showTitle`. [undefined-field]
WARN  | game_mode.lua:546:23 | Undefined field `showSelect`. [undefined-field]
WARN  | game_mode.lua:568:24 | Undefined field `setTouchAction`. [undefined-field]
WARN  | game_mode.lua:571:24 | Undefined field `setTouchAction`. [undefined-field]
WARN  | game_mode.lua:574:24 | Undefined field `setTouchAction`. [undefined-field]
WARN  | game_mode.lua:577:24 | Undefined field `setTouchAction`. [undefined-field]
WARN  | game_mode.lua:580:24 | Undefined field `setTouchAction`. [undefined-field]
WARN  | game_mode.lua:583:24 | Undefined field `setTouchAction`. [undefined-field]
WARN  | game_mode.lua:586:24 | Undefined field `setTouchAction`. [undefined-field]
WARN  | game_mode.lua:589:24 | Undefined field `setTouchAction`. [undefined-field]
WARN  | game_mode.lua:593:43 | Undefined field `getHandIndex`. [undefined-field]
WARN  | game_mode.lua:594:34 | Undefined field `useCard`. [undefined-field]
WARN  | game_mode.lua:597:43 | Undefined field `getHandIndex`. [undefined-field]
WARN  | game_mode.lua:598:34 | Undefined field `useCard`. [undefined-field]
WARN  | game_mode.lua:601:43 | Undefined field `getHandIndex`. [undefined-field]
WARN  | game_mode.lua:602:34 | Undefined field `useCard`. [undefined-field]
WARN  | game_mode.lua:605:43 | Undefined field `getHandIndex`. [undefined-field]
WARN  | game_mode.lua:606:34 | Undefined field `useCard`. [undefined-field]
WARN  | game_mode.lua:609:43 | Undefined field `getHandIndex`. [undefined-field]
WARN  | game_mode.lua:610:34 | Undefined field `useCard`. [undefined-field]
WARN  | game_mode.lua:615:23 | Undefined field `show`. [undefined-field]
WARN  | game_mode.lua:659:23 | Undefined field `SetSize`. [undefined-field]
WARN  | game_mode.lua:660:23 | Undefined field `SetAlignment`. [undefined-field]
WARN  | game_mode.lua:661:23 | Undefined field `SetPriority`. [undefined-field]
WARN  | game_mode.lua:664:23 | Undefined field `AddChild`. [undefined-field]
WARN  | game_mode.lua:672:23 | Undefined field `AddChild`. [undefined-field]
WARN  | game_mode.lua:680:23 | Undefined field `AddChild`. [undefined-field]
WARN  | game_mode.lua:705:18 | Undefined field `SetSize`. [undefined-field]
WARN  | game_mode.lua:706:18 | Undefined field `SetAlignment`. [undefined-field]
WARN  | game_mode.lua:712:18 | Undefined field `AddChild`. [undefined-field]
WARN  | game_mode.lua:718:18 | Undefined field `AddChild`. [undefined-field]
WARN  | game_mode.lua:726:18 | Undefined field `AddChild`. [undefined-field]
WARN  | game_mode.lua:743:18 | Undefined field `AddChild`. [undefined-field]
WARN  | game_mode.lua:776:25 | Undefined field `SetSize`. [undefined-field]
WARN  | game_mode.lua:777:25 | Undefined field `SetAlignment`. [undefined-field]
WARN  | game_mode.lua:778:25 | Undefined field `SetPosition`. [undefined-field]
WARN  | game_mode.lua:783:25 | Undefined field `AddChild`. [undefined-field]
WARN  | game_mode.lua:794:25 | Undefined field `AddChild`. [undefined-field]
WARN  | game_mode.lua:795:24 | Undefined field `SetSize`. [undefined-field]
WARN  | game_mode.lua:796:24 | Undefined field `SetPosition`. [undefined-field]
WARN  | game_mode.lua:797:24 | Undefined field `SetAlignment`. [undefined-field]
WARN  | game_mode.lua:804:28 | Undefined field `SetTexture`. [undefined-field]
WARN  | game_mode.lua:805:28 | Undefined field `SetImageRect`. [undefined-field]
WARN  | game_mode.lua:811:25 | Undefined field `AddChild`. [undefined-field]
WARN  | game_mode.lua:812:26 | Undefined field `SetStyle`. [undefined-field]
WARN  | game_mode.lua:813:26 | Undefined field `SetSize`. [undefined-field]
WARN  | game_mode.lua:814:26 | Undefined field `SetAlignment`. [undefined-field]
WARN  | game_mode.lua:815:26 | Undefined field `SetPosition`. [undefined-field]
WARN  | game_mode.lua:819:26 | Undefined field `AddChild`. [undefined-field]
WARN  | game_mode.lua:843:24 | Undefined field `SetSize`. [undefined-field]
WARN  | game_mode.lua:844:24 | Undefined field `SetAlignment`. [undefined-field]
WARN  | game_mode.lua:845:24 | Undefined field `SetPosition`. [undefined-field]
WARN  | game_mode.lua:850:24 | Undefined field `AddChild`. [undefined-field]
WARN  | game_mode.lua:861:24 | Undefined field `AddChild`. [undefined-field]
WARN  | game_mode.lua:862:23 | Undefined field `SetSize`. [undefined-field]
WARN  | game_mode.lua:863:23 | Undefined field `SetPosition`. [undefined-field]
WARN  | game_mode.lua:864:23 | Undefined field `SetAlignment`. [undefined-field]
WARN  | game_mode.lua:870:27 | Undefined field `SetTexture`. [undefined-field]
WARN  | game_mode.lua:871:27 | Undefined field `SetImageRect`. [undefined-field]
WARN  | game_mode.lua:878:24 | Undefined field `AddChild`. [undefined-field]
WARN  | game_mode.lua:879:22 | Undefined field `SetStyle`. [undefined-field]
WARN  | game_mode.lua:880:22 | Undefined field `SetSize`. [undefined-field]
WARN  | game_mode.lua:881:22 | Undefined field `SetAlignment`. [undefined-field]
WARN  | game_mode.lua:882:22 | Undefined field `SetPosition`. [undefined-field]
WARN  | game_mode.lua:887:22 | Undefined field `AddChild`. [undefined-field]
WARN  | game_mode.lua:897:24 | Undefined field `AddChild`. [undefined-field]
WARN  | game_mode.lua:898:25 | Undefined field `SetStyle`. [undefined-field]
WARN  | game_mode.lua:899:25 | Undefined field `SetSize`. [undefined-field]
WARN  | game_mode.lua:900:25 | Undefined field `SetAlignment`. [undefined-field]
WARN  | game_mode.lua:901:25 | Undefined field `SetPosition`. [undefined-field]
WARN  | game_mode.lua:906:25 | Undefined field `AddChild`. [undefined-field]
WARN  | game_mode.lua:922:31 | Undefined field `visible`. [undefined-field]
WARN  | game_mode.lua:926:28 | Undefined field `SetSize`. [undefined-field]
WARN  | game_mode.lua:932:35 | Undefined field `SetTexture`. [undefined-field]
WARN  | game_mode.lua:933:35 | Undefined field `SetImageRect`. [undefined-field]
WARN  | game_mode.lua:939:27 | Undefined field `SetSize`. [undefined-field]
WARN  | game_mode.lua:949:14 | Undefined field `hide`. [undefined-field]
WARN  | game_mode.lua:950:14 | Undefined field `hide`. [undefined-field]
WARN  | game_mode.lua:984:27 | Undefined field `SetSize`. [undefined-field]
WARN  | game_mode.lua:985:27 | Undefined field `SetPosition`. [undefined-field]
WARN  | game_mode.lua:991:31 | Undefined field `SetSize`. [undefined-field]
WARN  | game_mode.lua:992:31 | Undefined field `SetPosition`. [undefined-field]
WARN  | game_mode.lua:1028:28 | Undefined field `visible`. [undefined-field]
WARN  | game_mode.lua:1035:25 | Undefined field `SetSize`. [undefined-field]
WARN  | game_mode.lua:1040:66 | Undefined field `[idx]`. [undefined-field]
WARN  | game_mode.lua:1042:32 | Undefined field `SetTexture`. [undefined-field]
WARN  | game_mode.lua:1043:32 | Undefined field `SetImageRect`. [undefined-field]
WARN  | game_mode.lua:1044:83 | Undefined field `[idx]`. [undefined-field]
WARN  | game_mode.lua:1046:92 | Undefined field `[idx]`. [undefined-field]
WARN  | game_mode.lua:1052:24 | Undefined field `SetSize`. [undefined-field]
WARN  | game_mode.lua:1063:31 | Undefined field `hide`. [undefined-field]
WARN  | game_mode.lua:1064:31 | Undefined field `hide`. [undefined-field]
WARN  | game_mode.lua:1101:28 | Undefined field `SetSize`. [undefined-field]
WARN  | game_mode.lua:1102:28 | Undefined field `SetPosition`. [undefined-field]
WARN  | game_mode.lua:1108:32 | Undefined field `SetSize`. [undefined-field]
WARN  | game_mode.lua:1109:32 | Undefined field `SetPosition`. [undefined-field]
WARN  | game_mode.lua:1125:43 | Undefined field `destroy`. [undefined-field]
WARN  | game_mode.lua:1126:31 | Undefined field `destroy`. [undefined-field]
WARN  | game_mode.lua:1127:31 | Undefined field `destroy`. [undefined-field]
WARN  | game_mode.lua:1128:35 | Undefined field `destroy`. [undefined-field]
WARN  | game_mode.lua:1140:43 | Undefined field `reset`. [undefined-field]
WARN  | game_mode.lua:1145:19 | Undefined field `show`. [undefined-field]
WARN  | game_mode.lua:6:29 | Cannot resolve module `scripts/screen_utils`. [unresolved-require]
WARN  | game_mode.lua:7:30 | Cannot resolve module `scripts/level_manager`. [unresolved-require]
WARN  | game_mode.lua:8:26 | Cannot resolve module `scripts/portal_ui`. [unresolved-require]
WARN  | game_mode.lua:9:21 | Cannot resolve module `scripts/bgm`. [unresolved-require]
WARN  | game_ui.lua:412:12 | Impossible `if` statement: this condition is always falsy [unnecessary-if]
WARN  | game_ui.lua:416:12 | Impossible `if` statement: this condition is always falsy [unnecessary-if]
WARN  | game_ui.lua:420:12 | Unnecessary `if` statement: this condition is always truthy [unnecessary-if]
WARN  | game_ui.lua:487:16 | Impossible `if` statement: this condition is always falsy [unnecessary-if]
WARN  | game_ui.lua:549:8 | Impossible `if` statement: this condition is always falsy [unnecessary-if]
WARN  | game_ui.lua:646:8 | Impossible `if` statement: this condition is always falsy [unnecessary-if]
WARN  | game_ui.lua:679:8 | Impossible `if` statement: this condition is always falsy [unnecessary-if]
WARN  | game_ui.lua:729:20 | Impossible `if` statement: this condition is always falsy [unnecessary-if]
WARN  | game_ui.lua:908:16 | Unnecessary `if` statement: this condition is always truthy [unnecessary-if]
WARN  | game_ui.lua:918:16 | Impossible `if` statement: this condition is always falsy [unnecessary-if]
WARN  | game_ui.lua:636:29 | sp may be nil [need-check-nil]
WARN  | game_ui.lua:636:36 | sz may be nil [need-check-nil]
WARN  | game_ui.lua:637:29 | sp may be nil [need-check-nil]
WARN  | game_ui.lua:637:36 | sz may be nil [need-check-nil]
WARN  | game_ui.lua:669:29 | sp may be nil [need-check-nil]
WARN  | game_ui.lua:669:36 | sz may be nil [need-check-nil]
WARN  | game_ui.lua:670:29 | sp may be nil [need-check-nil]
WARN  | game_ui.lua:670:36 | sz may be nil [need-check-nil]
WARN  | game_ui.lua:870:39 | Undefined field `elements`. [undefined-field]
WARN  | game_ui.lua:903:32 | Undefined field `elements`. [undefined-field]
WARN  | game_ui.lua:909:46 | Undefined field `[1]`. [undefined-field]
WARN  | game_ui.lua:909:56 | Undefined field `[2]`. [undefined-field]
WARN  | game_ui.lua:3:29 | Cannot resolve module `scripts/screen_utils`. [unresolved-require]
WARN  | level_manager.lua:146:12 | Unnecessary `if` statement: this condition is always truthy [unnecessary-if]
WARN  | level_manager.lua:280:8 | Impossible `if` statement: this condition is always falsy [unnecessary-if]
WARN  | level_manager.lua:314:8 | Impossible `if` statement: this condition is always falsy [unnecessary-if]
WARN  | level_manager.lua:316:12 | Unnecessary `if` statement: this condition is always truthy [unnecessary-if]
WARN  | level_manager.lua:327:8 | Unnecessary `if` statement: this condition is always truthy [unnecessary-if]
WARN  | level_manager.lua:338:24 | Impossible `if` statement: this condition is always falsy [unnecessary-if]
WARN  | level_manager.lua:352:8 | Impossible `if` statement: this condition is always falsy [unnecessary-if]
WARN  | level_manager.lua:371:12 | Unnecessary `if` statement: this condition is always truthy [unnecessary-if]
WARN  | level_manager.lua:395:12 | Impossible `if` statement: this condition is always falsy [unnecessary-if]
WARN  | level_manager.lua:294:13 | Undefined field `onPortalActivated`. [undefined-field]
WARN  | level_manager.lua:295:14 | Undefined field `onPortalActivated`. [undefined-field]
WARN  | level_manager.lua:320:21 | Undefined field `onGameComplete`. [undefined-field]
WARN  | level_manager.lua:321:22 | Undefined field `onGameComplete`. [undefined-field]
WARN  | level_manager.lua:340:33 | Undefined field `onEnemiesNotCleared`. [undefined-field]
WARN  | level_manager.lua:341:34 | Undefined field `onEnemiesNotCleared`. [undefined-field]
WARN  | level_manager.lua:374:21 | Undefined field `onTeleportStart`. [undefined-field]
WARN  | level_manager.lua:375:22 | Undefined field `onTeleportStart`. [undefined-field]
WARN  | level_manager.lua:382:59 | Undefined field `portalDuration`. [undefined-field]
WARN  | level_manager.lua:384:17 | Undefined field `onTeleportProgress`. [undefined-field]
WARN  | level_manager.lua:385:18 | Undefined field `onTeleportProgress`. [undefined-field]
WARN  | level_manager.lua:398:21 | Undefined field `onTeleportProgress`. [undefined-field]
WARN  | level_manager.lua:399:22 | Undefined field `onTeleportProgress`. [undefined-field]
WARN  | level_manager.lua:418:13 | Undefined field `onTeleportComplete`. [undefined-field]
WARN  | level_manager.lua:419:14 | Undefined field `onTeleportComplete`. [undefined-field]
WARN  | level_transition.lua:37:8 | Unnecessary `if` statement: this condition is always truthy [unnecessary-if]
WARN  | level_transition.lua:62:12 | Unnecessary `if` statement: this condition is always truthy [unnecessary-if]
WARN  | level_transition.lua:64:12 | Unnecessary `if` statement: this condition is always truthy [unnecessary-if]
WARN  | level_transition.lua:67:12 | Unnecessary `if` statement: this condition is always truthy [unnecessary-if]
WARN  | level_transition.lua:82:12 | Unnecessary `if` statement: this condition is always truthy [unnecessary-if]
WARN  | level_transition.lua:102:8 | Unnecessary `if` statement: this condition is always truthy [unnecessary-if]
WARN  | level_transition.lua:113:8 | Unnecessary `if` statement: this condition is always truthy [unnecessary-if]
WARN  | level_transition.lua:20:5 | G may be nil [need-check-nil]
WARN  | level_transition.lua:21:5 | G may be nil [need-check-nil]
WARN  | level_transition.lua:25:5 | G may be nil [need-check-nil]
WARN  | level_transition.lua:35:16 | G may be nil [need-check-nil]
WARN  | level_transition.lua:35:29 | G may be nil [need-check-nil]
WARN  | level_transition.lua:37:8 | G may be nil [need-check-nil]
WARN  | level_transition.lua:40:29 | G may be nil [need-check-nil]
WARN  | level_transition.lua:41:28 | G may be nil [need-check-nil]
WARN  | level_transition.lua:42:27 | G may be nil [need-check-nil]
WARN  | level_transition.lua:43:32 | G may be nil [need-check-nil]
WARN  | level_transition.lua:44:33 | G may be nil [need-check-nil]
WARN  | level_transition.lua:45:27 | G may be nil [need-check-nil]
WARN  | level_transition.lua:46:26 | G may be nil [need-check-nil]
WARN  | level_transition.lua:47:28 | G may be nil [need-check-nil]
WARN  | level_transition.lua:48:31 | G may be nil [need-check-nil]
WARN  | level_transition.lua:50:27 | G may be nil [need-check-nil]
WARN  | level_transition.lua:62:12 | G may be nil [need-check-nil]
WARN  | level_transition.lua:62:26 | G may be nil [need-check-nil]
WARN  | level_transition.lua:64:25 | G may be nil [need-check-nil]
WARN  | level_transition.lua:65:13 | G may be nil [need-check-nil]
WARN  | level_transition.lua:67:29 | G may be nil [need-check-nil]
WARN  | level_transition.lua:68:13 | G may be nil [need-check-nil]
WARN  | level_transition.lua:69:13 | G may be nil [need-check-nil]
WARN  | level_transition.lua:70:13 | G may be nil [need-check-nil]
WARN  | level_transition.lua:71:13 | G may be nil [need-check-nil]
WARN  | level_transition.lua:72:13 | G may be nil [need-check-nil]
WARN  | level_transition.lua:73:13 | G may be nil [need-check-nil]
WARN  | level_transition.lua:74:13 | G may be nil [need-check-nil]
WARN  | level_transition.lua:75:13 | G may be nil [need-check-nil]
WARN  | level_transition.lua:76:13 | G may be nil [need-check-nil]
WARN  | level_transition.lua:77:13 | G may be nil [need-check-nil]
WARN  | level_transition.lua:82:12 | G may be nil [need-check-nil]
WARN  | level_transition.lua:82:26 | G may be nil [need-check-nil]
WARN  | level_transition.lua:88:5 | G may be nil [need-check-nil]
WARN  | level_transition.lua:89:5 | G may be nil [need-check-nil]
WARN  | level_transition.lua:90:5 | G may be nil [need-check-nil]
WARN  | level_transition.lua:91:5 | G may be nil [need-check-nil]
WARN  | level_transition.lua:92:5 | G may be nil [need-check-nil]
WARN  | level_transition.lua:93:5 | G may be nil [need-check-nil]
WARN  | level_transition.lua:94:5 | G may be nil [need-check-nil]
WARN  | level_transition.lua:95:5 | G may be nil [need-check-nil]
WARN  | level_transition.lua:96:5 | G may be nil [need-check-nil]
WARN  | level_transition.lua:102:8 | G may be nil [need-check-nil]
WARN  | level_transition.lua:103:9 | G may be nil [need-check-nil]
WARN  | level_transition.lua:103:29 | G may be nil [need-check-nil]
WARN  | level_transition.lua:104:12 | G may be nil [need-check-nil]
WARN  | level_transition.lua:105:28 | G may be nil [need-check-nil]
WARN  | level_transition.lua:106:13 | G may be nil [need-check-nil]
WARN  | level_transition.lua:107:13 | G may be nil [need-check-nil]
WARN  | level_transition.lua:113:8 | G may be nil [need-check-nil]
WARN  | level_transition.lua:114:9 | G may be nil [need-check-nil]
WARN  | level_transition.lua:114:31 | G may be nil [need-check-nil]
WARN  | level_transition.lua:115:12 | G may be nil [need-check-nil]
WARN  | level_transition.lua:116:13 | G may be nil [need-check-nil]
WARN  | level_transition.lua:35:38 | Undefined field `getHp`. [undefined-field]
WARN  | level_transition.lua:40:44 | Undefined field `deprivedCount`. [undefined-field]
WARN  | level_transition.lua:41:43 | Undefined field `driftEnabled`. [undefined-field]
WARN  | level_transition.lua:42:42 | Undefined field `driftOffset`. [undefined-field]
WARN  | level_transition.lua:43:47 | Undefined field `uiDistortEnabled`. [undefined-field]
WARN  | level_transition.lua:44:48 | Undefined field `trapWarningHidden`. [undefined-field]
WARN  | level_transition.lua:45:42 | Undefined field `timerGlitch`. [undefined-field]
WARN  | level_transition.lua:46:41 | Undefined field `audioMuted`. [undefined-field]
WARN  | level_transition.lua:47:43 | Undefined field `visionFading`. [undefined-field]
WARN  | level_transition.lua:48:46 | Undefined field `visionFadeAlpha`. [undefined-field]
WARN  | level_transition.lua:50:42 | Undefined field `deprived`. [undefined-field]
WARN  | level_transition.lua:62:35 | Undefined field `updateSensesIcons`. [undefined-field]
WARN  | level_transition.lua:82:35 | Undefined field `updateSensesIcons`. [undefined-field]
WARN  | level_transition.lua:92:14 | Undefined field `show`. [undefined-field]
WARN  | level_transition.lua:93:14 | Undefined field `resetCountdown`. [undefined-field]
WARN  | level_transition.lua:94:18 | Undefined field `reset`. [undefined-field]
WARN  | level_transition.lua:95:18 | Undefined field `reset`. [undefined-field]
WARN  | level_transition.lua:96:14 | Undefined field `show`. [undefined-field]
WARN  | level_transition.lua:6:29 | Cannot resolve module `scripts/screen_utils`. [unresolved-require]
WARN  | loading_scene.lua:202:8 | Unnecessary `if` statement: this condition is always truthy [unnecessary-if]
WARN  | loading_scene.lua:216:8 | Unnecessary `if` statement: this condition is always truthy [unnecessary-if]
WARN  | loading_scene.lua:179:36 | item may be nil [need-check-nil]
WARN  | loading_scene.lua:179:47 | item may be nil [need-check-nil]
WARN  | loading_scene.lua:182:68 | item may be nil [need-check-nil]
WARN  | loading_scene.lua:239:31 | item may be nil [need-check-nil]
WARN  | loading_scene.lua:239:42 | item may be nil [need-check-nil]
WARN  | main.lua:100:8 | Impossible `if` statement: this condition is always falsy [unnecessary-if]
WARN  | main.lua:116:8 | Impossible `if` statement: this condition is always falsy [unnecessary-if]
WARN  | main.lua:117:12 | Impossible `if` statement: this condition is always falsy [unnecessary-if]
WARN  | main.lua:133:8 | Impossible `if` statement: this condition is always falsy [unnecessary-if]
WARN  | main.lua:6:9 | Cannot resolve module `LuaScripts/Utilities/Sample`. [unresolved-require]
WARN  | main.lua:7:29 | Cannot resolve module `scripts/screen_utils`. [unresolved-require]
WARN  | main.lua:8:9 | Cannot resolve module `scripts/input_manager`. [unresolved-require]
WARN  | main.lua:9:9 | Cannot resolve module `scripts/menu_overlay`. [unresolved-require]
WARN  | main.lua:10:9 | Cannot resolve module `scripts/loading_scene`. [unresolved-require]
WARN  | main.lua:12:26 | Cannot resolve module `scripts/game_mode`. [unresolved-require]
WARN  | main.lua:13:28 | Cannot resolve module `scripts/editor_mode`. [unresolved-require]
WARN  | menu_overlay.lua:4:29 | Cannot resolve module `scripts/screen_utils`. [unresolved-require]
WARN  | game_ui.lua:413:12 | Impossible `if` statement: this condition is always falsy [unnecessary-if]
WARN  | game_ui.lua:417:12 | Impossible `if` statement: this condition is always falsy [unnecessary-if]
WARN  | game_ui.lua:421:12 | Unnecessary `if` statement: this condition is always truthy [unnecessary-if]
WARN  | game_ui.lua:489:16 | Impossible `if` statement: this condition is always falsy [unnecessary-if]
WARN  | game_ui.lua:552:8 | Impossible `if` statement: this condition is always falsy [unnecessary-if]
WARN  | game_ui.lua:649:8 | Impossible `if` statement: this condition is always falsy [unnecessary-if]
WARN  | game_ui.lua:682:8 | Impossible `if` statement: this condition is always falsy [unnecessary-if]
WARN  | game_ui.lua:729:20 | Impossible `if` statement: this condition is always falsy [unnecessary-if]
WARN  | game_ui.lua:639:29 | sp may be nil [need-check-nil]
WARN  | game_ui.lua:639:36 | sz may be nil [need-check-nil]
WARN  | game_ui.lua:640:29 | sp may be nil [need-check-nil]
WARN  | game_ui.lua:640:36 | sz may be nil [need-check-nil]
WARN  | game_ui.lua:672:29 | sp may be nil [need-check-nil]
WARN  | game_ui.lua:672:36 | sz may be nil [need-check-nil]
WARN  | game_ui.lua:673:29 | sp may be nil [need-check-nil]
WARN  | game_ui.lua:673:36 | sz may be nil [need-check-nil]
WARN  | game_ui.lua:3:29 | Cannot resolve module `scripts/screen_utils`. [unresolved-require]
WARN  | player.lua:222:8 | Unnecessary `if` statement: this condition is always truthy [unnecessary-if]
WARN  | player.lua:236:8 | Unnecessary `if` statement: this condition is always truthy [unnecessary-if]
WARN  | player.lua:246:8 | Impossible `if` statement: this condition is always falsy [unnecessary-if]
WARN  | player.lua:253:8 | Unnecessary `if` statement: this condition is always truthy [unnecessary-if]
WARN  | player.lua:386:8 | Impossible `if` statement: this condition is always falsy [unnecessary-if]
WARN  | player.lua:395:12 | Unnecessary `if` statement: this condition is always truthy [unnecessary-if]
WARN  | player.lua:445:12 | Unnecessary `if` statement: this condition is always truthy [unnecessary-if]
WARN  | player.lua:454:12 | Impossible `if` statement: this condition is always falsy [unnecessary-if]
WARN  | player.lua:461:12 | Impossible `if` statement: this condition is always falsy [unnecessary-if]
WARN  | player.lua:472:8 | Impossible `if` statement: this condition is always falsy [unnecessary-if]
WARN  | player.lua:499:8 | Impossible `if` statement: this condition is always falsy [unnecessary-if]
WARN  | player.lua:548:8 | Impossible `if` statement: this condition is always falsy [unnecessary-if]
WARN  | player.lua:596:8 | Impossible `if` statement: this condition is always falsy [unnecessary-if]
WARN  | player.lua:676:8 | Unnecessary `if` statement: this condition is always truthy [unnecessary-if]
WARN  | player.lua:783:12 | Impossible `if` statement: this condition is always falsy [unnecessary-if]
WARN  | player.lua:802:8 | Unnecessary `if` statement: this condition is always truthy [unnecessary-if]
WARN  | player.lua:806:8 | Unnecessary `if` statement: this condition is always truthy [unnecessary-if]
WARN  | player.lua:824:8 | Unnecessary `if` statement: this condition is always truthy [unnecessary-if]
WARN  | player.lua:827:12 | Impossible `if` statement: this condition is always falsy [unnecessary-if]
WARN  | player.lua:842:8 | Unnecessary `if` statement: this condition is always truthy [unnecessary-if]
WARN  | player.lua:267:25 | pos may be nil [need-check-nil]
WARN  | player.lua:267:32 | pos may be nil [need-check-nil]
WARN  | player.lua:267:54 | pos may be nil [need-check-nil]
WARN  | player.lua:267:61 | pos may be nil [need-check-nil]
WARN  | player.lua:279:33 | pos may be nil [need-check-nil]
WARN  | player.lua:279:46 | pos may be nil [need-check-nil]
WARN  | player.lua:280:33 | pos may be nil [need-check-nil]
WARN  | player.lua:280:46 | pos may be nil [need-check-nil]
WARN  | player.lua:282:33 | pos may be nil [need-check-nil]
WARN  | player.lua:282:46 | pos may be nil [need-check-nil]
WARN  | player.lua:283:33 | pos may be nil [need-check-nil]
WARN  | player.lua:283:46 | pos may be nil [need-check-nil]
WARN  | player.lua:215:8 | Unnecessary `if` statement: this condition is always truthy [unnecessary-if]
WARN  | player.lua:229:8 | Unnecessary `if` statement: this condition is always truthy [unnecessary-if]
WARN  | player.lua:239:8 | Impossible `if` statement: this condition is always falsy [unnecessary-if]
WARN  | player.lua:246:8 | Unnecessary `if` statement: this condition is always truthy [unnecessary-if]
WARN  | player.lua:378:8 | Impossible `if` statement: this condition is always falsy [unnecessary-if]
WARN  | player.lua:387:12 | Unnecessary `if` statement: this condition is always truthy [unnecessary-if]
WARN  | player.lua:437:12 | Unnecessary `if` statement: this condition is always truthy [unnecessary-if]
WARN  | player.lua:446:12 | Impossible `if` statement: this condition is always falsy [unnecessary-if]
WARN  | player.lua:453:12 | Impossible `if` statement: this condition is always falsy [unnecessary-if]
WARN  | player.lua:464:8 | Impossible `if` statement: this condition is always falsy [unnecessary-if]
WARN  | player.lua:491:8 | Impossible `if` statement: this condition is always falsy [unnecessary-if]
WARN  | player.lua:540:8 | Impossible `if` statement: this condition is always falsy [unnecessary-if]
WARN  | player.lua:588:8 | Impossible `if` statement: this condition is always falsy [unnecessary-if]
WARN  | player.lua:614:8 | Unnecessary `if` statement: this condition is always truthy [unnecessary-if]
WARN  | player.lua:744:12 | Impossible `if` statement: this condition is always falsy [unnecessary-if]
WARN  | player.lua:763:8 | Unnecessary `if` statement: this condition is always truthy [unnecessary-if]
WARN  | player.lua:767:8 | Unnecessary `if` statement: this condition is always truthy [unnecessary-if]
WARN  | player.lua:785:8 | Unnecessary `if` statement: this condition is always truthy [unnecessary-if]
WARN  | player.lua:788:12 | Impossible `if` statement: this condition is always falsy [unnecessary-if]
WARN  | player.lua:260:25 | pos may be nil [need-check-nil]
WARN  | player.lua:260:32 | pos may be nil [need-check-nil]
WARN  | player.lua:260:54 | pos may be nil [need-check-nil]
WARN  | player.lua:260:61 | pos may be nil [need-check-nil]
WARN  | player.lua:274:33 | pos may be nil [need-check-nil]
WARN  | player.lua:274:46 | pos may be nil [need-check-nil]
WARN  | player.lua:275:33 | pos may be nil [need-check-nil]
WARN  | player.lua:275:46 | pos may be nil [need-check-nil]
WARN  | player.lua:277:33 | pos may be nil [need-check-nil]
WARN  | player.lua:277:46 | pos may be nil [need-check-nil]
WARN  | player.lua:278:33 | pos may be nil [need-check-nil]
WARN  | player.lua:278:46 | pos may be nil [need-check-nil]
WARN  | portal_ui.lua:172:8 | Impossible `if` statement: this condition is always falsy [unnecessary-if]
WARN  | portal_ui.lua:176:16 | Impossible `if` statement: this condition is always falsy [unnecessary-if]
WARN  | portal_ui.lua:3:29 | Cannot resolve module `scripts/screen_utils`. [unresolved-require]
WARN  | scene_manager.lua:20:5 | G may be nil [need-check-nil]
WARN  | scene_manager.lua:21:5 | G may be nil [need-check-nil]
WARN  | scene_manager.lua:23:5 | G may be nil [need-check-nil]
WARN  | scene_manager.lua:23:23 | G may be nil [need-check-nil]
WARN  | scene_manager.lua:24:5 | G may be nil [need-check-nil]
WARN  | scene_manager.lua:26:23 | G may be nil [need-check-nil]
WARN  | scene_manager.lua:34:5 | G may be nil [need-check-nil]
WARN  | scene_manager.lua:34:20 | G may be nil [need-check-nil]
WARN  | scene_manager.lua:35:5 | G may be nil [need-check-nil]
WARN  | scene_manager.lua:37:5 | G may be nil [need-check-nil]
WARN  | scene_manager.lua:37:17 | G may be nil [need-check-nil]
WARN  | scene_manager.lua:38:5 | G may be nil [need-check-nil]
WARN  | scene_manager.lua:39:5 | G may be nil [need-check-nil]
WARN  | scene_manager.lua:41:35 | G may be nil [need-check-nil]
WARN  | scene_manager.lua:41:45 | G may be nil [need-check-nil]
WARN  | scene_manager.lua:70:22 | G may be nil [need-check-nil]
WARN  | scene_manager.lua:72:20 | G may be nil [need-check-nil]
WARN  | scene_manager.lua:103:22 | G may be nil [need-check-nil]
WARN  | scene_manager.lua:106:16 | G may be nil [need-check-nil]
WARN  | scene_manager.lua:108:20 | G may be nil [need-check-nil]
WARN  | scene_manager.lua:21:14 | Undefined field `CreateComponent`. [undefined-field]
WARN  | scene_manager.lua:23:32 | Undefined field `CreateComponent`. [undefined-field]
WARN  | scene_manager.lua:26:32 | Undefined field `CreateChild`. [undefined-field]
WARN  | scene_manager.lua:34:29 | Undefined field `CreateChild`. [undefined-field]
WARN  | scene_manager.lua:37:30 | Undefined field `CreateComponent`. [undefined-field]
WARN  | scene_manager.lua:70:37 | Undefined field `getCurrentLevel`. [undefined-field]
WARN  | scene_manager.lua:72:29 | Undefined field `CreateChild`. [undefined-field]
WARN  | scene_manager.lua:103:37 | Undefined field `getCurrentLevel`. [undefined-field]
WARN  | scene_manager.lua:6:29 | Cannot resolve module `scripts/screen_utils`. [unresolved-require]
WARN  | senses_system.lua:169:8 | Unnecessary `if` statement: this condition is always truthy [unnecessary-if]
WARN  | senses_system.lua:174:8 | Unnecessary `if` statement: this condition is always truthy [unnecessary-if]
WARN  | senses_system.lua:180:8 | Unnecessary `if` statement: this condition is always truthy [unnecessary-if]
WARN  | senses_system.lua:206:8 | Unnecessary `if` statement: this condition is always truthy [unnecessary-if]
WARN  | senses_system.lua:214:8 | Unnecessary `if` statement: this condition is always truthy [unnecessary-if]
WARN  | game_ui.lua:339:12 | Impossible `if` statement: this condition is always falsy [unnecessary-if]
WARN  | game_ui.lua:343:12 | Impossible `if` statement: this condition is always falsy [unnecessary-if]
WARN  | game_ui.lua:454:20 | Impossible `if` statement: this condition is always falsy [unnecessary-if]
WARN  | game_ui.lua:3:29 | Cannot resolve module `scripts/screen_utils`. [unresolved-require]
WARN  | player.lua:219:8 | Unnecessary `if` statement: this condition is always truthy [unnecessary-if]
WARN  | player.lua:233:8 | Unnecessary `if` statement: this condition is always truthy [unnecessary-if]
WARN  | player.lua:243:8 | Impossible `if` statement: this condition is always falsy [unnecessary-if]
WARN  | player.lua:250:8 | Unnecessary `if` statement: this condition is always truthy [unnecessary-if]
WARN  | player.lua:382:8 | Impossible `if` statement: this condition is always falsy [unnecessary-if]
WARN  | player.lua:391:12 | Unnecessary `if` statement: this condition is always truthy [unnecessary-if]
WARN  | player.lua:441:12 | Unnecessary `if` statement: this condition is always truthy [unnecessary-if]
WARN  | player.lua:450:12 | Impossible `if` statement: this condition is always falsy [unnecessary-if]
WARN  | player.lua:457:12 | Impossible `if` statement: this condition is always falsy [unnecessary-if]
WARN  | player.lua:468:8 | Impossible `if` statement: this condition is always falsy [unnecessary-if]
WARN  | player.lua:495:8 | Impossible `if` statement: this condition is always falsy [unnecessary-if]
WARN  | player.lua:544:8 | Impossible `if` statement: this condition is always falsy [unnecessary-if]
WARN  | player.lua:592:8 | Impossible `if` statement: this condition is always falsy [unnecessary-if]
WARN  | player.lua:618:8 | Unnecessary `if` statement: this condition is always truthy [unnecessary-if]
WARN  | player.lua:679:8 | Unnecessary `if` statement: this condition is always truthy [unnecessary-if]
WARN  | player.lua:778:12 | Impossible `if` statement: this condition is always falsy [unnecessary-if]
WARN  | player.lua:797:8 | Unnecessary `if` statement: this condition is always truthy [unnecessary-if]
WARN  | player.lua:801:8 | Unnecessary `if` statement: this condition is always truthy [unnecessary-if]
WARN  | player.lua:819:8 | Unnecessary `if` statement: this condition is always truthy [unnecessary-if]
WARN  | player.lua:822:12 | Impossible `if` statement: this condition is always falsy [unnecessary-if]
WARN  | player.lua:264:25 | pos may be nil [need-check-nil]
WARN  | player.lua:264:32 | pos may be nil [need-check-nil]
WARN  | player.lua:264:54 | pos may be nil [need-check-nil]
WARN  | player.lua:264:61 | pos may be nil [need-check-nil]
WARN  | player.lua:275:33 | pos may be nil [need-check-nil]
WARN  | player.lua:275:46 | pos may be nil [need-check-nil]
WARN  | player.lua:276:33 | pos may be nil [need-check-nil]
WARN  | player.lua:276:46 | pos may be nil [need-check-nil]
WARN  | player.lua:278:33 | pos may be nil [need-check-nil]
WARN  | player.lua:278:46 | pos may be nil [need-check-nil]
WARN  | player.lua:279:33 | pos may be nil [need-check-nil]
WARN  | player.lua:279:46 | pos may be nil [need-check-nil]
WARN  | game_over_ui.lua:94:8 | Unnecessary `if` statement: this condition is always truthy [unnecessary-if]
WARN  | game_over_ui.lua:102:12 | Unnecessary `if` statement: this condition is always truthy [unnecessary-if]
WARN  | game_over_ui.lua:122:8 | Unnecessary `if` statement: this condition is always truthy [unnecessary-if]
WARN  | game_over_ui.lua:124:8 | Unnecessary `if` statement: this condition is always truthy [unnecessary-if]
WARN  | game_over_ui.lua:125:8 | Unnecessary `if` statement: this condition is always truthy [unnecessary-if]
WARN  | game_over_ui.lua:126:8 | Unnecessary `if` statement: this condition is always truthy [unnecessary-if]
WARN  | game_over_ui.lua:127:8 | Unnecessary `if` statement: this condition is always truthy [unnecessary-if]
WARN  | game_over_ui.lua:170:16 | Unnecessary `if` statement: this condition is always truthy [unnecessary-if]
WARN  | game_over_ui.lua:183:8 | Unnecessary `if` statement: this condition is always truthy [unnecessary-if]
WARN  | game_over_ui.lua:184:8 | Unnecessary `if` statement: this condition is always truthy [unnecessary-if]
WARN  | game_over_ui.lua:30:5 | G may be nil [need-check-nil]
WARN  | game_over_ui.lua:35:5 | G may be nil [need-check-nil]
WARN  | game_over_ui.lua:36:21 | G may be nil [need-check-nil]
WARN  | game_over_ui.lua:37:5 | G may be nil [need-check-nil]
WARN  | game_over_ui.lua:38:5 | G may be nil [need-check-nil]
WARN  | game_over_ui.lua:39:5 | G may be nil [need-check-nil]
WARN  | game_over_ui.lua:40:5 | G may be nil [need-check-nil]
WARN  | game_over_ui.lua:44:5 | G may be nil [need-check-nil]
WARN  | game_over_ui.lua:54:5 | G may be nil [need-check-nil]
WARN  | game_over_ui.lua:55:5 | G may be nil [need-check-nil]
WARN  | game_over_ui.lua:55:34 | G may be nil [need-check-nil]
WARN  | game_over_ui.lua:56:5 | G may be nil [need-check-nil]
WARN  | game_over_ui.lua:57:5 | G may be nil [need-check-nil]
WARN  | game_over_ui.lua:58:5 | G may be nil [need-check-nil]
WARN  | game_over_ui.lua:59:5 | G may be nil [need-check-nil]
WARN  | game_over_ui.lua:60:5 | G may be nil [need-check-nil]
WARN  | game_over_ui.lua:61:5 | G may be nil [need-check-nil]
WARN  | game_over_ui.lua:63:51 | G may be nil [need-check-nil]
WARN  | game_over_ui.lua:65:9 | G may be nil [need-check-nil]
WARN  | game_over_ui.lua:66:9 | G may be nil [need-check-nil]
WARN  | game_over_ui.lua:70:5 | G may be nil [need-check-nil]
WARN  | game_over_ui.lua:71:5 | G may be nil [need-check-nil]
WARN  | game_over_ui.lua:71:34 | G may be nil [need-check-nil]
WARN  | game_over_ui.lua:72:5 | G may be nil [need-check-nil]
WARN  | game_over_ui.lua:73:5 | G may be nil [need-check-nil]
WARN  | game_over_ui.lua:74:5 | G may be nil [need-check-nil]
WARN  | game_over_ui.lua:75:5 | G may be nil [need-check-nil]
WARN  | game_over_ui.lua:78:5 | G may be nil [need-check-nil]
WARN  | game_over_ui.lua:84:22 | G may be nil [need-check-nil]
WARN  | game_over_ui.lua:86:5 | G may be nil [need-check-nil]
WARN  | game_over_ui.lua:87:5 | G may be nil [need-check-nil]
WARN  | game_over_ui.lua:94:8 | G may be nil [need-check-nil]
WARN  | game_over_ui.lua:95:12 | G may be nil [need-check-nil]
WARN  | game_over_ui.lua:99:9 | G may be nil [need-check-nil]
WARN  | game_over_ui.lua:102:12 | G may be nil [need-check-nil]
WARN  | game_over_ui.lua:102:30 | G may be nil [need-check-nil]
WARN  | game_over_ui.lua:103:41 | G may be nil [need-check-nil]
WARN  | game_over_ui.lua:104:56 | G may be nil [need-check-nil]
WARN  | game_over_ui.lua:106:17 | G may be nil [need-check-nil]
WARN  | game_over_ui.lua:107:17 | G may be nil [need-check-nil]
WARN  | game_over_ui.lua:112:9 | G may be nil [need-check-nil]
WARN  | game_over_ui.lua:113:9 | G may be nil [need-check-nil]
WARN  | game_over_ui.lua:114:9 | G may be nil [need-check-nil]
WARN  | game_over_ui.lua:117:9 | G may be nil [need-check-nil]
WARN  | game_over_ui.lua:118:9 | G may be nil [need-check-nil]
WARN  | game_over_ui.lua:122:8 | G may be nil [need-check-nil]
WARN  | game_over_ui.lua:122:29 | G may be nil [need-check-nil]
WARN  | game_over_ui.lua:123:5 | G may be nil [need-check-nil]
WARN  | game_over_ui.lua:124:8 | G may be nil [need-check-nil]
WARN  | game_over_ui.lua:124:26 | G may be nil [need-check-nil]
WARN  | game_over_ui.lua:125:8 | G may be nil [need-check-nil]
WARN  | game_over_ui.lua:125:22 | G may be nil [need-check-nil]
WARN  | game_over_ui.lua:126:8 | G may be nil [need-check-nil]
WARN  | game_over_ui.lua:126:22 | G may be nil [need-check-nil]
WARN  | game_over_ui.lua:127:8 | G may be nil [need-check-nil]
WARN  | game_over_ui.lua:128:28 | G may be nil [need-check-nil]
WARN  | game_over_ui.lua:138:12 | G may be nil [need-check-nil]
WARN  | game_over_ui.lua:140:5 | G may be nil [need-check-nil]
WARN  | game_over_ui.lua:140:23 | G may be nil [need-check-nil]
WARN  | game_over_ui.lua:142:8 | G may be nil [need-check-nil]
WARN  | game_over_ui.lua:143:12 | G may be nil [need-check-nil]
WARN  | game_over_ui.lua:144:13 | G may be nil [need-check-nil]
WARN  | game_over_ui.lua:145:13 | G may be nil [need-check-nil]
WARN  | game_over_ui.lua:147:12 | G may be nil [need-check-nil]
WARN  | game_over_ui.lua:148:35 | G may be nil [need-check-nil]
WARN  | game_over_ui.lua:161:9 | G may be nil [need-check-nil]
WARN  | game_over_ui.lua:162:9 | G may be nil [need-check-nil]
WARN  | game_over_ui.lua:163:9 | G may be nil [need-check-nil]
WARN  | game_over_ui.lua:166:13 | G may be nil [need-check-nil]
WARN  | game_over_ui.lua:167:13 | G may be nil [need-check-nil]
WARN  | game_over_ui.lua:168:13 | G may be nil [need-check-nil]
WARN  | game_over_ui.lua:169:13 | G may be nil [need-check-nil]
WARN  | game_over_ui.lua:170:16 | G may be nil [need-check-nil]
WARN  | game_over_ui.lua:171:17 | G may be nil [need-check-nil]
WARN  | game_over_ui.lua:181:5 | G may be nil [need-check-nil]
WARN  | game_over_ui.lua:182:5 | G may be nil [need-check-nil]
WARN  | game_over_ui.lua:183:8 | G may be nil [need-check-nil]
WARN  | game_over_ui.lua:183:34 | G may be nil [need-check-nil]
WARN  | game_over_ui.lua:184:8 | G may be nil [need-check-nil]
WARN  | game_over_ui.lua:184:33 | G may be nil [need-check-nil]
WARN  | game_over_ui.lua:37:25 | Undefined field `SetSize`. [undefined-field]
WARN  | game_over_ui.lua:38:25 | Undefined field `SetAlignment`. [undefined-field]
WARN  | game_over_ui.lua:39:25 | Undefined field `SetPosition`. [undefined-field]
WARN  | game_over_ui.lua:44:25 | Undefined field `AddChild`. [undefined-field]
WARN  | game_over_ui.lua:55:25 | Undefined field `AddChild`. [undefined-field]
WARN  | game_over_ui.lua:56:24 | Undefined field `SetSize`. [undefined-field]
WARN  | game_over_ui.lua:57:24 | Undefined field `SetPosition`. [undefined-field]
WARN  | game_over_ui.lua:58:24 | Undefined field `SetAlignment`. [undefined-field]
WARN  | game_over_ui.lua:65:28 | Undefined field `SetTexture`. [undefined-field]
WARN  | game_over_ui.lua:66:28 | Undefined field `SetImageRect`. [undefined-field]
WARN  | game_over_ui.lua:71:25 | Undefined field `AddChild`. [undefined-field]
WARN  | game_over_ui.lua:72:26 | Undefined field `SetStyleAuto`. [undefined-field]
WARN  | game_over_ui.lua:73:26 | Undefined field `SetSize`. [undefined-field]
WARN  | game_over_ui.lua:74:26 | Undefined field `SetAlignment`. [undefined-field]
WARN  | game_over_ui.lua:75:26 | Undefined field `SetPosition`. [undefined-field]
WARN  | game_over_ui.lua:78:26 | Undefined field `AddChild`. [undefined-field]
WARN  | game_over_ui.lua:95:32 | Undefined field `visible`. [undefined-field]
WARN  | game_over_ui.lua:99:29 | Undefined field `SetSize`. [undefined-field]
WARN  | game_over_ui.lua:104:70 | Undefined field `[idx]`. [undefined-field]
WARN  | game_over_ui.lua:106:36 | Undefined field `SetTexture`. [undefined-field]
WARN  | game_over_ui.lua:107:36 | Undefined field `SetImageRect`. [undefined-field]
WARN  | game_over_ui.lua:113:28 | Undefined field `SetSize`. [undefined-field]
WARN  | game_over_ui.lua:125:31 | Undefined field `hide`. [undefined-field]
WARN  | game_over_ui.lua:126:31 | Undefined field `hide`. [undefined-field]
WARN  | game_over_ui.lua:161:28 | Undefined field `SetSize`. [undefined-field]
WARN  | game_over_ui.lua:162:28 | Undefined field `SetPosition`. [undefined-field]
WARN  | game_over_ui.lua:167:32 | Undefined field `SetSize`. [undefined-field]
WARN  | game_over_ui.lua:168:32 | Undefined field `SetPosition`. [undefined-field]
WARN  | game_over_ui.lua:6:29 | Cannot resolve module `scripts/screen_utils`. [unresolved-require]
WARN  | pause_ui.lua:85:8 | Unnecessary `if` statement: this condition is always truthy [unnecessary-if]
WARN  | pause_ui.lua:139:12 | Unnecessary `if` statement: this condition is always truthy [unnecessary-if]
WARN  | pause_ui.lua:148:8 | Unnecessary `if` statement: this condition is always truthy [unnecessary-if]
WARN  | pause_ui.lua:25:5 | G may be nil [need-check-nil]
WARN  | pause_ui.lua:26:21 | G may be nil [need-check-nil]
WARN  | pause_ui.lua:27:5 | G may be nil [need-check-nil]
WARN  | pause_ui.lua:28:5 | G may be nil [need-check-nil]
WARN  | pause_ui.lua:29:5 | G may be nil [need-check-nil]
WARN  | pause_ui.lua:32:5 | G may be nil [need-check-nil]
WARN  | pause_ui.lua:38:5 | G may be nil [need-check-nil]
WARN  | pause_ui.lua:47:5 | G may be nil [need-check-nil]
WARN  | pause_ui.lua:63:5 | G may be nil [need-check-nil]
WARN  | pause_ui.lua:78:5 | G may be nil [need-check-nil]
WARN  | pause_ui.lua:85:8 | G may be nil [need-check-nil]
WARN  | pause_ui.lua:86:9 | G may be nil [need-check-nil]
WARN  | pause_ui.lua:94:5 | G may be nil [need-check-nil]
WARN  | pause_ui.lua:95:21 | G may be nil [need-check-nil]
WARN  | pause_ui.lua:96:5 | G may be nil [need-check-nil]
WARN  | pause_ui.lua:97:5 | G may be nil [need-check-nil]
WARN  | pause_ui.lua:98:5 | G may be nil [need-check-nil]
WARN  | pause_ui.lua:101:5 | G may be nil [need-check-nil]
WARN  | pause_ui.lua:107:5 | G may be nil [need-check-nil]
WARN  | pause_ui.lua:116:5 | G may be nil [need-check-nil]
WARN  | pause_ui.lua:136:12 | G may be nil [need-check-nil]
WARN  | pause_ui.lua:137:9 | G may be nil [need-check-nil]
WARN  | pause_ui.lua:138:9 | G may be nil [need-check-nil]
WARN  | pause_ui.lua:139:12 | G may be nil [need-check-nil]
WARN  | pause_ui.lua:139:30 | G may be nil [need-check-nil]
WARN  | pause_ui.lua:146:5 | G may be nil [need-check-nil]
WARN  | pause_ui.lua:147:5 | G may be nil [need-check-nil]
WARN  | pause_ui.lua:148:8 | G may be nil [need-check-nil]
WARN  | pause_ui.lua:148:26 | G may be nil [need-check-nil]
WARN  | pause_ui.lua:27:18 | Undefined field `SetSize`. [undefined-field]
WARN  | pause_ui.lua:28:18 | Undefined field `SetAlignment`. [undefined-field]
WARN  | pause_ui.lua:32:18 | Undefined field `AddChild`. [undefined-field]
WARN  | pause_ui.lua:38:18 | Undefined field `AddChild`. [undefined-field]
WARN  | pause_ui.lua:47:18 | Undefined field `AddChild`. [undefined-field]
WARN  | pause_ui.lua:63:18 | Undefined field `AddChild`. [undefined-field]
WARN  | pause_ui.lua:96:23 | Undefined field `SetSize`. [undefined-field]
WARN  | pause_ui.lua:97:23 | Undefined field `SetAlignment`. [undefined-field]
WARN  | pause_ui.lua:98:23 | Undefined field `SetPriority`. [undefined-field]
WARN  | pause_ui.lua:101:23 | Undefined field `AddChild`. [undefined-field]
WARN  | pause_ui.lua:107:23 | Undefined field `AddChild`. [undefined-field]
WARN  | pause_ui.lua:116:23 | Undefined field `AddChild`. [undefined-field]
WARN  | pause_ui.lua:6:29 | Cannot resolve module `scripts/screen_utils`. [unresolved-require]
WARN  | victory_ui.lua:111:8 | Unnecessary `if` statement: this condition is always truthy [unnecessary-if]
WARN  | victory_ui.lua:119:12 | Unnecessary `if` statement: this condition is always truthy [unnecessary-if]
WARN  | victory_ui.lua:140:8 | Unnecessary `if` statement: this condition is always truthy [unnecessary-if]
WARN  | victory_ui.lua:183:16 | Unnecessary `if` statement: this condition is always truthy [unnecessary-if]
WARN  | victory_ui.lua:184:16 | Unnecessary `if` statement: this condition is always truthy [unnecessary-if]
WARN  | victory_ui.lua:195:8 | Unnecessary `if` statement: this condition is always truthy [unnecessary-if]
WARN  | victory_ui.lua:196:8 | Unnecessary `if` statement: this condition is always truthy [unnecessary-if]
WARN  | victory_ui.lua:197:8 | Unnecessary `if` statement: this condition is always truthy [unnecessary-if]
WARN  | victory_ui.lua:32:5 | G may be nil [need-check-nil]
WARN  | victory_ui.lua:33:21 | G may be nil [need-check-nil]
WARN  | victory_ui.lua:34:5 | G may be nil [need-check-nil]
WARN  | victory_ui.lua:35:5 | G may be nil [need-check-nil]
WARN  | victory_ui.lua:36:5 | G may be nil [need-check-nil]
WARN  | victory_ui.lua:37:5 | G may be nil [need-check-nil]
WARN  | victory_ui.lua:41:5 | G may be nil [need-check-nil]
WARN  | victory_ui.lua:51:5 | G may be nil [need-check-nil]
WARN  | victory_ui.lua:52:5 | G may be nil [need-check-nil]
WARN  | victory_ui.lua:52:33 | G may be nil [need-check-nil]
WARN  | victory_ui.lua:53:5 | G may be nil [need-check-nil]
WARN  | victory_ui.lua:54:5 | G may be nil [need-check-nil]
WARN  | victory_ui.lua:55:5 | G may be nil [need-check-nil]
WARN  | victory_ui.lua:56:5 | G may be nil [need-check-nil]
WARN  | victory_ui.lua:57:5 | G may be nil [need-check-nil]
WARN  | victory_ui.lua:58:5 | G may be nil [need-check-nil]
WARN  | victory_ui.lua:61:9 | G may be nil [need-check-nil]
WARN  | victory_ui.lua:62:9 | G may be nil [need-check-nil]
WARN  | victory_ui.lua:66:5 | G may be nil [need-check-nil]
WARN  | victory_ui.lua:67:5 | G may be nil [need-check-nil]
WARN  | victory_ui.lua:67:33 | G may be nil [need-check-nil]
WARN  | victory_ui.lua:68:5 | G may be nil [need-check-nil]
WARN  | victory_ui.lua:69:5 | G may be nil [need-check-nil]
WARN  | victory_ui.lua:70:5 | G may be nil [need-check-nil]
WARN  | victory_ui.lua:71:5 | G may be nil [need-check-nil]
WARN  | victory_ui.lua:72:5 | G may be nil [need-check-nil]
WARN  | victory_ui.lua:75:5 | G may be nil [need-check-nil]
WARN  | victory_ui.lua:81:22 | G may be nil [need-check-nil]
WARN  | victory_ui.lua:84:5 | G may be nil [need-check-nil]
WARN  | victory_ui.lua:85:5 | G may be nil [need-check-nil]
WARN  | victory_ui.lua:85:33 | G may be nil [need-check-nil]
WARN  | victory_ui.lua:86:5 | G may be nil [need-check-nil]
WARN  | victory_ui.lua:87:5 | G may be nil [need-check-nil]
WARN  | victory_ui.lua:88:5 | G may be nil [need-check-nil]
WARN  | victory_ui.lua:89:5 | G may be nil [need-check-nil]
WARN  | victory_ui.lua:90:5 | G may be nil [need-check-nil]
WARN  | victory_ui.lua:93:5 | G may be nil [need-check-nil]
WARN  | victory_ui.lua:99:22 | G may be nil [need-check-nil]
WARN  | victory_ui.lua:102:5 | G may be nil [need-check-nil]
WARN  | victory_ui.lua:103:5 | G may be nil [need-check-nil]
WARN  | victory_ui.lua:104:5 | G may be nil [need-check-nil]
WARN  | victory_ui.lua:111:8 | G may be nil [need-check-nil]
WARN  | victory_ui.lua:112:12 | G may be nil [need-check-nil]
WARN  | victory_ui.lua:116:9 | G may be nil [need-check-nil]
WARN  | victory_ui.lua:119:12 | G may be nil [need-check-nil]
WARN  | victory_ui.lua:122:17 | G may be nil [need-check-nil]
WARN  | victory_ui.lua:123:17 | G may be nil [need-check-nil]
WARN  | victory_ui.lua:128:9 | G may be nil [need-check-nil]
WARN  | victory_ui.lua:129:9 | G may be nil [need-check-nil]
WARN  | victory_ui.lua:130:9 | G may be nil [need-check-nil]
WARN  | victory_ui.lua:133:9 | G may be nil [need-check-nil]
WARN  | victory_ui.lua:134:9 | G may be nil [need-check-nil]
WARN  | victory_ui.lua:138:5 | G may be nil [need-check-nil]
WARN  | victory_ui.lua:139:5 | G may be nil [need-check-nil]
WARN  | victory_ui.lua:140:8 | G may be nil [need-check-nil]
WARN  | victory_ui.lua:140:26 | G may be nil [need-check-nil]
WARN  | victory_ui.lua:141:5 | G may be nil [need-check-nil]
WARN  | victory_ui.lua:142:5 | G may be nil [need-check-nil]
WARN  | victory_ui.lua:143:24 | G may be nil [need-check-nil]
WARN  | victory_ui.lua:152:12 | G may be nil [need-check-nil]
WARN  | victory_ui.lua:154:5 | G may be nil [need-check-nil]
WARN  | victory_ui.lua:154:22 | G may be nil [need-check-nil]
WARN  | victory_ui.lua:156:8 | G may be nil [need-check-nil]
WARN  | victory_ui.lua:157:12 | G may be nil [need-check-nil]
WARN  | victory_ui.lua:158:13 | G may be nil [need-check-nil]
WARN  | victory_ui.lua:159:13 | G may be nil [need-check-nil]
WARN  | victory_ui.lua:161:12 | G may be nil [need-check-nil]
WARN  | victory_ui.lua:162:35 | G may be nil [need-check-nil]
WARN  | victory_ui.lua:174:9 | G may be nil [need-check-nil]
WARN  | victory_ui.lua:175:9 | G may be nil [need-check-nil]
WARN  | victory_ui.lua:176:9 | G may be nil [need-check-nil]
WARN  | victory_ui.lua:179:13 | G may be nil [need-check-nil]
WARN  | victory_ui.lua:180:13 | G may be nil [need-check-nil]
WARN  | victory_ui.lua:181:13 | G may be nil [need-check-nil]
WARN  | victory_ui.lua:182:13 | G may be nil [need-check-nil]
WARN  | victory_ui.lua:183:16 | G may be nil [need-check-nil]
WARN  | victory_ui.lua:183:38 | G may be nil [need-check-nil]
WARN  | victory_ui.lua:184:16 | G may be nil [need-check-nil]
WARN  | victory_ui.lua:184:41 | G may be nil [need-check-nil]
WARN  | victory_ui.lua:193:5 | G may be nil [need-check-nil]
WARN  | victory_ui.lua:194:5 | G may be nil [need-check-nil]
WARN  | victory_ui.lua:195:8 | G may be nil [need-check-nil]
WARN  | victory_ui.lua:195:30 | G may be nil [need-check-nil]
WARN  | victory_ui.lua:196:8 | G may be nil [need-check-nil]
WARN  | victory_ui.lua:196:33 | G may be nil [need-check-nil]
WARN  | victory_ui.lua:197:8 | G may be nil [need-check-nil]
WARN  | victory_ui.lua:197:32 | G may be nil [need-check-nil]
WARN  | victory_ui.lua:34:24 | Undefined field `SetSize`. [undefined-field]
WARN  | victory_ui.lua:35:24 | Undefined field `SetAlignment`. [undefined-field]
WARN  | victory_ui.lua:36:24 | Undefined field `SetPosition`. [undefined-field]
WARN  | victory_ui.lua:41:24 | Undefined field `AddChild`. [undefined-field]
WARN  | victory_ui.lua:52:24 | Undefined field `AddChild`. [undefined-field]
WARN  | victory_ui.lua:53:23 | Undefined field `SetSize`. [undefined-field]
WARN  | victory_ui.lua:54:23 | Undefined field `SetPosition`. [undefined-field]
WARN  | victory_ui.lua:55:23 | Undefined field `SetAlignment`. [undefined-field]
WARN  | victory_ui.lua:61:27 | Undefined field `SetTexture`. [undefined-field]
WARN  | victory_ui.lua:62:27 | Undefined field `SetImageRect`. [undefined-field]
WARN  | victory_ui.lua:67:24 | Undefined field `AddChild`. [undefined-field]
WARN  | victory_ui.lua:68:22 | Undefined field `SetStyleAuto`. [undefined-field]
WARN  | victory_ui.lua:69:22 | Undefined field `SetSize`. [undefined-field]
WARN  | victory_ui.lua:70:22 | Undefined field `SetAlignment`. [undefined-field]
WARN  | victory_ui.lua:71:22 | Undefined field `SetPosition`. [undefined-field]
WARN  | victory_ui.lua:75:22 | Undefined field `AddChild`. [undefined-field]
WARN  | victory_ui.lua:85:24 | Undefined field `AddChild`. [undefined-field]
WARN  | victory_ui.lua:86:25 | Undefined field `SetStyleAuto`. [undefined-field]
WARN  | victory_ui.lua:87:25 | Undefined field `SetSize`. [undefined-field]
WARN  | victory_ui.lua:88:25 | Undefined field `SetAlignment`. [undefined-field]
WARN  | victory_ui.lua:89:25 | Undefined field `SetPosition`. [undefined-field]
WARN  | victory_ui.lua:93:25 | Undefined field `AddChild`. [undefined-field]
WARN  | victory_ui.lua:112:31 | Undefined field `visible`. [undefined-field]
WARN  | victory_ui.lua:116:28 | Undefined field `SetSize`. [undefined-field]
WARN  | victory_ui.lua:122:35 | Undefined field `SetTexture`. [undefined-field]
WARN  | victory_ui.lua:123:35 | Undefined field `SetImageRect`. [undefined-field]
WARN  | victory_ui.lua:129:27 | Undefined field `SetSize`. [undefined-field]
WARN  | victory_ui.lua:141:14 | Undefined field `hide`. [undefined-field]
WARN  | victory_ui.lua:142:14 | Undefined field `hide`. [undefined-field]
WARN  | victory_ui.lua:174:27 | Undefined field `SetSize`. [undefined-field]
WARN  | victory_ui.lua:175:27 | Undefined field `SetPosition`. [undefined-field]
WARN  | victory_ui.lua:180:31 | Undefined field `SetSize`. [undefined-field]
WARN  | victory_ui.lua:181:31 | Undefined field `SetPosition`. [undefined-field]
WARN  | victory_ui.lua:6:29 | Cannot resolve module `scripts/screen_utils`. [unresolved-require]
HINT  | callbacks.lua:95:36 | eventType is never used, if this is intentional, prefix it with an underscore: _eventType [unused]
HINT  | callbacks.lua:65:45 | eventData is never used, if this is intentional, prefix it with an underscore: _eventData [unused]
HINT  | callbacks.lua:49:40 | eventData is never used, if this is intentional, prefix it with an underscore: _eventData [unused]
HINT  | callbacks.lua:31:42 | eventData is never used, if this is intentional, prefix it with an underscore: _eventData [unused]
HINT  | callbacks.lua:22:35 | eventType is never used, if this is intentional, prefix it with an underscore: _eventType [unused]
HINT  | callbacks.lua:41:29 | eventType is never used, if this is intentional, prefix it with an underscore: _eventType [unused]
HINT  | callbacks.lua:89:45 | eventData is never used, if this is intentional, prefix it with an underscore: _eventData [unused]
HINT  | callbacks.lua:86:47 | eventData is never used, if this is intentional, prefix it with an underscore: _eventData [unused]
HINT  | callbacks.lua:117:29 | eventType is never used, if this is intentional, prefix it with an underscore: _eventType [unused]
HINT  | callbacks.lua:121:29 | eventType is never used, if this is intentional, prefix it with an underscore: _eventType [unused]
HINT  | callbacks.lua:129:46 | eventData is never used, if this is intentional, prefix it with an underscore: _eventData [unused]
HINT  | callbacks.lua:36:32 | eventType is never used, if this is intentional, prefix it with an underscore: _eventType [unused]
HINT  | callbacks.lua:98:48 | eventData is never used, if this is intentional, prefix it with an underscore: _eventData [unused]
HINT  | callbacks.lua:26:29 | eventType is never used, if this is intentional, prefix it with an underscore: _eventType [unused]
HINT  | callbacks.lua:65:34 | eventType is never used, if this is intentional, prefix it with an underscore: _eventType [unused]
HINT  | callbacks.lua:80:46 | eventData is never used, if this is intentional, prefix it with an underscore: _eventData [unused]
HINT  | callbacks.lua:77:45 | eventData is never used, if this is intentional, prefix it with an underscore: _eventData [unused]
HINT  | callbacks.lua:45:30 | eventType is never used, if this is intentional, prefix it with an underscore: _eventType [unused]
HINT  | callbacks.lua:138:42 | eventData is never used, if this is intentional, prefix it with an underscore: _eventData [unused]
HINT  | callbacks.lua:49:29 | eventType is never used, if this is intentional, prefix it with an underscore: _eventType [unused]
HINT  | callbacks.lua:109:29 | eventType is never used, if this is intentional, prefix it with an underscore: _eventType [unused]
HINT  | callbacks.lua:60:29 | eventType is never used, if this is intentional, prefix it with an underscore: _eventType [unused]
HINT  | callbacks.lua:113:40 | eventData is never used, if this is intentional, prefix it with an underscore: _eventData [unused]
HINT  | callbacks.lua:53:31 | eventType is never used, if this is intentional, prefix it with an underscore: _eventType [unused]
HINT  | callbacks.lua:83:35 | eventType is never used, if this is intentional, prefix it with an underscore: _eventType [unused]
HINT  | callbacks.lua:105:29 | eventType is never used, if this is intentional, prefix it with an underscore: _eventType [unused]
HINT  | callbacks.lua:31:31 | eventType is never used, if this is intentional, prefix it with an underscore: _eventType [unused]
HINT  | callbacks.lua:60:40 | eventData is never used, if this is intentional, prefix it with an underscore: _eventData [unused]
HINT  | callbacks.lua:89:34 | eventType is never used, if this is intentional, prefix it with an underscore: _eventType [unused]
HINT  | callbacks.lua:95:47 | eventData is never used, if this is intentional, prefix it with an underscore: _eventData [unused]
HINT  | callbacks.lua:113:29 | eventType is never used, if this is intentional, prefix it with an underscore: _eventType [unused]
HINT  | callbacks.lua:92:35 | eventType is never used, if this is intentional, prefix it with an underscore: _eventType [unused]
HINT  | callbacks.lua:98:37 | eventType is never used, if this is intentional, prefix it with an underscore: _eventType [unused]
HINT  | callbacks.lua:36:43 | eventData is never used, if this is intentional, prefix it with an underscore: _eventData [unused]
HINT  | callbacks.lua:22:46 | eventData is never used, if this is intentional, prefix it with an underscore: _eventData [unused]
HINT  | callbacks.lua:134:41 | eventData is never used, if this is intentional, prefix it with an underscore: _eventData [unused]
HINT  | callbacks.lua:41:40 | eventData is never used, if this is intentional, prefix it with an underscore: _eventData [unused]
HINT  | callbacks.lua:86:36 | eventType is never used, if this is intentional, prefix it with an underscore: _eventType [unused]
HINT  | callbacks.lua:121:40 | eventData is never used, if this is intentional, prefix it with an underscore: _eventData [unused]
HINT  | callbacks.lua:129:35 | eventType is never used, if this is intentional, prefix it with an underscore: _eventType [unused]
HINT  | callbacks.lua:138:31 | eventType is never used, if this is intentional, prefix it with an underscore: _eventType [unused]
HINT  | callbacks.lua:45:41 | eventData is never used, if this is intentional, prefix it with an underscore: _eventData [unused]
HINT  | callbacks.lua:92:46 | eventData is never used, if this is intentional, prefix it with an underscore: _eventData [unused]
HINT  | callbacks.lua:109:40 | eventData is never used, if this is intentional, prefix it with an underscore: _eventData [unused]
HINT  | callbacks.lua:26:40 | eventData is never used, if this is intentional, prefix it with an underscore: _eventData [unused]
HINT  | callbacks.lua:83:46 | eventData is never used, if this is intentional, prefix it with an underscore: _eventData [unused]
HINT  | callbacks.lua:105:40 | eventData is never used, if this is intentional, prefix it with an underscore: _eventData [unused]
HINT  | callbacks.lua:80:35 | eventType is never used, if this is intentional, prefix it with an underscore: _eventType [unused]
HINT  | callbacks.lua:53:42 | eventData is never used, if this is intentional, prefix it with an underscore: _eventData [unused]
HINT  | callbacks.lua:77:34 | eventType is never used, if this is intentional, prefix it with an underscore: _eventType [unused]
HINT  | callbacks.lua:134:30 | eventType is never used, if this is intentional, prefix it with an underscore: _eventType [unused]
HINT  | callbacks.lua:117:40 | eventData is never used, if this is intentional, prefix it with an underscore: _eventData [unused]
HINT  | callbacks.lua:130:53 | Fields cannot be injected into the reference of `never` for `visible`. [inject-field]
HINT  | card_data.lua:332:9 | i is never used, if this is intentional, prefix it with an underscore: _i [unused]
HINT  | card_skills.lua:71:20 | Implicit self is never used, if this is intentional, please use '.' instead of ':' to define the method [unused]
HINT  | card_skills.lua:15:20 | Implicit self is never used, if this is intentional, please use '.' instead of ':' to define the method [unused]
HINT  | card_system.lua:255:9 | c is never used, if this is intentional, prefix it with an underscore: _c [unused]
HINT  | card_system.lua:14:20 | Implicit self is never used, if this is intentional, please use '.' instead of ':' to define the method [unused]
HINT  | card_system.lua:221:20 | Implicit self is never used, if this is intentional, please use '.' instead of ':' to define the method [unused]
HINT  | card_system.lua:194:20 | Implicit self is never used, if this is intentional, please use '.' instead of ':' to define the method [unused]
HINT  | card_system.lua:226:20 | Implicit self is never used, if this is intentional, please use '.' instead of ':' to define the method [unused]
HINT  | card_ui.lua:205:16 | Implicit self is never used, if this is intentional, please use '.' instead of ':' to define the method [unused]
HINT  | card_ui.lua:205:24 | dt is never used, if this is intentional, prefix it with an underscore: _dt [unused]
HINT  | card_ui.lua:111:15 | ch is never used, if this is intentional, prefix it with an underscore: _ch [unused]
HINT  | card_ui.lua:16:16 | Implicit self is never used, if this is intentional, please use '.' instead of ':' to define the method [unused]
HINT  | editor_level.lua:30:21 | Implicit self is never used, if this is intentional, please use '.' instead of ':' to define the method [unused]
HINT  | editor_level.lua:346:46 | eventData is never used, if this is intentional, prefix it with an underscore: _eventData [unused]
HINT  | editor_level.lua:346:35 | eventType is never used, if this is intentional, prefix it with an underscore: _eventType [unused]
HINT  | editor_level_scene.lua:167:17 | Implicit self is never used, if this is intentional, please use '.' instead of ':' to define the method [unused]
HINT  | editor_level_ui.lua:833:17 | Implicit self is never used, if this is intentional, please use '.' instead of ':' to define the method [unused]
HINT  | editor_level_ui.lua:1057:17 | i is never used, if this is intentional, prefix it with an underscore: _i [unused]
HINT  | editor_level_ui.lua:52:17 | Implicit self is never used, if this is intentional, please use '.' instead of ':' to define the method [unused]
HINT  | editor_level_ui.lua:822:20 | The same file is required multiple times. [duplicate-require]
HINT  | editor_ui.lua:762:15 | oldZoom is never used, if this is intentional, prefix it with an underscore: _oldZoom [unused]
HINT  | editor_ui.lua:89:18 | Implicit self is never used, if this is intentional, please use '.' instead of ':' to define the method [unused]
HINT  | editor_ui.lua:979:18 | Implicit self is never used, if this is intentional, please use '.' instead of ':' to define the method [unused]
HINT  | editor_ui.lua:554:13 | el is never used, if this is intentional, prefix it with an underscore: _el [unused]
HINT  | editor_ui.lua:747:11 | logH is never used, if this is intentional, prefix it with an underscore: _logH [unused]
HINT  | editor_ui.lua:740:26 | dt is never used, if this is intentional, prefix it with an underscore: _dt [unused]
HINT  | main.lua:216:23 | eventType is never used, if this is intentional, prefix it with an underscore: _eventType [unused]
HINT  | main.lua:231:22 | eventType is never used, if this is intentional, prefix it with an underscore: _eventType [unused]
HINT  | main.lua:44:16 | Fields cannot be injected into the reference of `Node` for `position`. [inject-field]
HINT  | editor_mode.lua:29:35 | Fields cannot be injected into the reference of `never` for `visible`. [inject-field]
HINT  | editor_mode.lua:32:39 | Fields cannot be injected into the reference of `never` for `visible`. [inject-field]
HINT  | editor_mode.lua:34:53 | Fields cannot be injected into the reference of `never` for `visible`. [inject-field]
HINT  | editor_mode.lua:35:49 | Fields cannot be injected into the reference of `never` for `visible`. [inject-field]
HINT  | editor_mode.lua:41:45 | Fields cannot be injected into the reference of `never` for `enabled`. [inject-field]
HINT  | editor_mode.lua:63:35 | Fields cannot be injected into the reference of `never` for `visible`. [inject-field]
HINT  | editor_mode.lua:94:35 | Fields cannot be injected into the reference of `never` for `visible`. [inject-field]
HINT  | editor_mode.lua:122:18 | Fields cannot be injected into the reference of `never` for `position`. [inject-field]
HINT  | editor_mode.lua:123:21 | Fields cannot be injected into the reference of `never` for `enabled`. [inject-field]
HINT  | editor_mode.lua:124:14 | Fields cannot be injected into the reference of `never` for `updateEnabled`. [inject-field]
HINT  | editor_mode.lua:126:39 | Fields cannot be injected into the reference of `never` for `visible`. [inject-field]
HINT  | editor_mode.lua:159:18 | Fields cannot be injected into the reference of `never` for `position`. [inject-field]
HINT  | enemy.lua:86:15 | Implicit self is never used, if this is intentional, please use '.' instead of ':' to define the method [unused]
HINT  | enemy.lua:28:7 | BOSS_ATK_ROWS is never used, if this is intentional, prefix it with an underscore: _BOSS_ATK_ROWS [unused]
HINT  | enemy.lua:49:7 | BOSS_SKILL2_EFF_ROWS is never used, if this is intentional, prefix it with an underscore: _BOSS_SKILL2_EFF_ROWS [unused]
HINT  | enemy.lua:37:7 | BOSS_SKILL2_ROWS is never used, if this is intentional, prefix it with an underscore: _BOSS_SKILL2_ROWS [unused]
HINT  | enemy.lua:154:11 | scale is never used, if this is intentional, prefix it with an underscore: _scale [unused]
HINT  | game_01.lua:754:27 | eventType is never used, if this is intentional, prefix it with an underscore: _eventType [unused]
HINT  | game_01.lua:557:34 | event is never used, if this is intentional, prefix it with an underscore: _event [unused]
HINT  | game_01.lua:538:28 | self is never used, if this is intentional, prefix it with an underscore: _self [unused]
HINT  | game_01.lua:616:40 | event is never used, if this is intentional, prefix it with an underscore: _event [unused]
HINT  | game_01.lua:496:44 | self is never used, if this is intentional, prefix it with an underscore: _self [unused]
HINT  | game_01.lua:612:42 | event is never used, if this is intentional, prefix it with an underscore: _event [unused]
HINT  | game_01.lua:754:38 | eventData is never used, if this is intentional, prefix it with an underscore: _eventData [unused]
HINT  | game_01.lua:518:28 | self is never used, if this is intentional, prefix it with an underscore: _self [unused]
HINT  | game_01.lua:1042:29 | eventType is never used, if this is intentional, prefix it with an underscore: _eventType [unused]
HINT  | game_01.lua:594:40 | event is never used, if this is intentional, prefix it with an underscore: _event [unused]
HINT  | game_01.lua:590:42 | event is never used, if this is intentional, prefix it with an underscore: _event [unused]
HINT  | game_01.lua:689:23 | eventType is never used, if this is intentional, prefix it with an underscore: _eventType [unused]
HINT  | game_01.lua:561:32 | event is never used, if this is intentional, prefix it with an underscore: _event [unused]
HINT  | game_01.lua:1024:31 | eventType is never used, if this is intentional, prefix it with an underscore: _eventType [unused]
HINT  | game_01.lua:176:17 | Fields cannot be injected into the reference of `Node` for `position`. [inject-field]
HINT  | game_01.lua:229:17 | Fields cannot be injected into the reference of `Node` for `position`. [inject-field]
HINT  | game_01.lua:242:17 | Fields cannot be injected into the reference of `RigidBody2D` for `bodyType`. [inject-field]
HINT  | game_01.lua:243:17 | Fields cannot be injected into the reference of `RigidBody2D` for `fixedRotation`. [inject-field]
HINT  | game_01.lua:244:17 | Fields cannot be injected into the reference of `RigidBody2D` for `linearDamping`. [inject-field]
HINT  | game_01.lua:245:17 | Fields cannot be injected into the reference of `RigidBody2D` for `gravityScale`. [inject-field]
HINT  | game_01.lua:267:16 | Fields cannot be injected into the reference of `Node` for `position`. [inject-field]
HINT  | game_01.lua:280:16 | Fields cannot be injected into the reference of `RigidBody2D` for `bodyType`. [inject-field]
HINT  | game_01.lua:281:16 | Fields cannot be injected into the reference of `RigidBody2D` for `fixedRotation`. [inject-field]
HINT  | game_01.lua:310:21 | Fields cannot be injected into the reference of `Node` for `position`. [inject-field]
HINT  | game_01.lua:321:22 | Fields cannot be injected into the reference of `Node` for `position`. [inject-field]
HINT  | game_01.lua:345:19 | Fields cannot be injected into the reference of `Node` for `position`. [inject-field]
HINT  | game_01.lua:643:23 | Fields cannot be injected into the reference of `Node` for `position`. [inject-field]
HINT  | game_01.lua:937:20 | Fields cannot be injected into the reference of `Node` for `position`. [inject-field]
HINT  | game_01.lua:978:22 | Fields cannot be injected into the reference of `Node` for `position`. [inject-field]
HINT  | game_01.lua:1001:17 | Fields cannot be injected into the reference of `Node` for `position`. [inject-field]
HINT  | game_01.lua:1080:17 | Fields cannot be injected into the reference of `Node` for `position`. [inject-field]
HINT  | game_01.lua:1096:16 | Fields cannot be injected into the reference of `Node` for `position`. [inject-field]
HINT  | game_01.lua:976:21 | Prefer use local alias variable 'parentScaleY' [preferred-local-alias]
HINT  | game_mode.lua:624:31 | eventType is never used, if this is intentional, prefix it with an underscore: _eventType [unused]
HINT  | game_mode.lua:545:30 | eventType is never used, if this is intentional, prefix it with an underscore: _eventType [unused]
HINT  | game_mode.lua:582:35 | eventType is never used, if this is intentional, prefix it with an underscore: _eventType [unused]
HINT  | game_mode.lua:557:45 | eventData is never used, if this is intentional, prefix it with an underscore: _eventData [unused]
HINT  | game_mode.lua:526:29 | eventType is never used, if this is intentional, prefix it with an underscore: _eventType [unused]
HINT  | game_mode.lua:553:31 | eventType is never used, if this is intentional, prefix it with an underscore: _eventType [unused]
HINT  | game_mode.lua:1119:26 | eventType is never used, if this is intentional, prefix it with an underscore: _eventType [unused]
HINT  | game_mode.lua:522:46 | eventData is never used, if this is intentional, prefix it with an underscore: _eventData [unused]
HINT  | game_mode.lua:588:48 | eventData is never used, if this is intentional, prefix it with an underscore: _eventData [unused]
HINT  | game_mode.lua:536:43 | eventData is never used, if this is intentional, prefix it with an underscore: _eventData [unused]
HINT  | game_mode.lua:592:29 | eventType is never used, if this is intentional, prefix it with an underscore: _eventType [unused]
HINT  | game_mode.lua:604:40 | eventData is never used, if this is intentional, prefix it with an underscore: _eventData [unused]
HINT  | game_mode.lua:596:29 | eventType is never used, if this is intentional, prefix it with an underscore: _eventType [unused]
HINT  | game_mode.lua:576:47 | eventData is never used, if this is intentional, prefix it with an underscore: _eventData [unused]
HINT  | game_mode.lua:573:35 | eventType is never used, if this is intentional, prefix it with an underscore: _eventType [unused]
HINT  | game_mode.lua:585:47 | eventData is never used, if this is intentional, prefix it with an underscore: _eventData [unused]
HINT  | game_mode.lua:596:40 | eventData is never used, if this is intentional, prefix it with an underscore: _eventData [unused]
HINT  | game_mode.lua:1001:30 | eventType is never used, if this is intentional, prefix it with an underscore: _eventType [unused]
HINT  | game_mode.lua:522:35 | eventType is never used, if this is intentional, prefix it with an underscore: _eventType [unused]
HINT  | game_mode.lua:600:29 | eventType is never used, if this is intentional, prefix it with an underscore: _eventType [unused]
HINT  | game_mode.lua:613:46 | eventData is never used, if this is intentional, prefix it with an underscore: _eventData [unused]
HINT  | game_mode.lua:579:45 | eventData is never used, if this is intentional, prefix it with an underscore: _eventData [unused]
HINT  | game_mode.lua:549:40 | eventData is never used, if this is intentional, prefix it with an underscore: _eventData [unused]
HINT  | game_mode.lua:608:40 | eventData is never used, if this is intentional, prefix it with an underscore: _eventData [unused]
HINT  | game_mode.lua:567:45 | eventData is never used, if this is intentional, prefix it with an underscore: _eventData [unused]
HINT  | game_mode.lua:613:35 | eventType is never used, if this is intentional, prefix it with an underscore: _eventType [unused]
HINT  | game_mode.lua:576:36 | eventType is never used, if this is intentional, prefix it with an underscore: _eventType [unused]
HINT  | game_mode.lua:536:32 | eventType is never used, if this is intentional, prefix it with an underscore: _eventType [unused]
HINT  | game_mode.lua:541:29 | eventType is never used, if this is intentional, prefix it with an underscore: _eventType [unused]
HINT  | game_mode.lua:588:37 | eventType is never used, if this is intentional, prefix it with an underscore: _eventType [unused]
HINT  | game_mode.lua:517:40 | eventData is never used, if this is intentional, prefix it with an underscore: _eventData [unused]
HINT  | game_mode.lua:1119:37 | eventData is never used, if this is intentional, prefix it with an underscore: _eventData [unused]
HINT  | game_mode.lua:553:42 | eventData is never used, if this is intentional, prefix it with an underscore: _eventData [unused]
HINT  | game_mode.lua:579:34 | eventType is never used, if this is intentional, prefix it with an underscore: _eventType [unused]
HINT  | game_mode.lua:557:34 | eventType is never used, if this is intentional, prefix it with an underscore: _eventType [unused]
HINT  | game_mode.lua:549:29 | eventType is never used, if this is intentional, prefix it with an underscore: _eventType [unused]
HINT  | game_mode.lua:585:36 | eventType is never used, if this is intentional, prefix it with an underscore: _eventType [unused]
HINT  | game_mode.lua:608:29 | eventType is never used, if this is intentional, prefix it with an underscore: _eventType [unused]
HINT  | game_mode.lua:618:30 | eventType is never used, if this is intentional, prefix it with an underscore: _eventType [unused]
HINT  | game_mode.lua:531:42 | eventData is never used, if this is intentional, prefix it with an underscore: _eventData [unused]
HINT  | game_mode.lua:567:34 | eventType is never used, if this is intentional, prefix it with an underscore: _eventType [unused]
HINT  | game_mode.lua:618:41 | eventData is never used, if this is intentional, prefix it with an underscore: _eventData [unused]
HINT  | game_mode.lua:570:46 | eventData is never used, if this is intentional, prefix it with an underscore: _eventData [unused]
HINT  | game_mode.lua:582:46 | eventData is never used, if this is intentional, prefix it with an underscore: _eventData [unused]
HINT  | game_mode.lua:624:42 | eventData is never used, if this is intentional, prefix it with an underscore: _eventData [unused]
HINT  | game_mode.lua:592:40 | eventData is never used, if this is intentional, prefix it with an underscore: _eventData [unused]
HINT  | game_mode.lua:545:41 | eventData is never used, if this is intentional, prefix it with an underscore: _eventData [unused]
HINT  | game_mode.lua:570:35 | eventType is never used, if this is intentional, prefix it with an underscore: _eventType [unused]
HINT  | game_mode.lua:1001:41 | eventData is never used, if this is intentional, prefix it with an underscore: _eventData [unused]
HINT  | game_mode.lua:604:29 | eventType is never used, if this is intentional, prefix it with an underscore: _eventType [unused]
HINT  | game_mode.lua:573:46 | eventData is never used, if this is intentional, prefix it with an underscore: _eventData [unused]
HINT  | game_mode.lua:600:40 | eventData is never used, if this is intentional, prefix it with an underscore: _eventData [unused]
HINT  | game_mode.lua:517:29 | eventType is never used, if this is intentional, prefix it with an underscore: _eventType [unused]
HINT  | game_mode.lua:531:31 | eventType is never used, if this is intentional, prefix it with an underscore: _eventType [unused]
HINT  | game_mode.lua:541:40 | eventData is never used, if this is intentional, prefix it with an underscore: _eventData [unused]
HINT  | game_mode.lua:526:40 | eventData is never used, if this is intentional, prefix it with an underscore: _eventData [unused]
HINT  | game_mode.lua:60:21 | Fields cannot be injected into the reference of `never` for `gravity`. [inject-field]
HINT  | game_mode.lua:71:18 | Fields cannot be injected into the reference of `never` for `position`. [inject-field]
HINT  | game_mode.lua:74:15 | Fields cannot be injected into the reference of `never` for `orthographic`. [inject-field]
HINT  | game_mode.lua:75:15 | Fields cannot be injected into the reference of `never` for `orthoSize`. [inject-field]
HINT  | game_mode.lua:171:14 | Fields cannot be injected into the reference of `never` for `enemies`. [inject-field]
HINT  | game_mode.lua:182:14 | Fields cannot be injected into the reference of `never` for `sensesSystem`. [inject-field]
HINT  | game_mode.lua:183:14 | Fields cannot be injected into the reference of `never` for `sensesSystem`. [inject-field]
HINT  | game_mode.lua:188:14 | Fields cannot be injected into the reference of `never` for `cardSystem`. [inject-field]
HINT  | game_mode.lua:189:14 | Fields cannot be injected into the reference of `never` for `cardUI`. [inject-field]
HINT  | game_mode.lua:194:52 | Fields cannot be injected into the reference of `never` for `castingCard`. [inject-field]
HINT  | game_mode.lua:195:50 | Fields cannot be injected into the reference of `never` for `castingCard`. [inject-field]
HINT  | game_mode.lua:198:14 | Fields cannot be injected into the reference of `never` for `onDamagedCallback`. [inject-field]
HINT  | game_mode.lua:202:14 | Fields cannot be injected into the reference of `never` for `gameOverCallback`. [inject-field]
HINT  | game_mode.lua:278:22 | Fields cannot be injected into the reference of `never` for `hp`. [inject-field]
HINT  | game_mode.lua:281:28 | Fields cannot be injected into the reference of `never` for `deprived`. [inject-field]
HINT  | game_mode.lua:282:28 | Fields cannot be injected into the reference of `never` for `deprivedCount`. [inject-field]
HINT  | game_mode.lua:283:28 | Fields cannot be injected into the reference of `never` for `driftEnabled`. [inject-field]
HINT  | game_mode.lua:284:28 | Fields cannot be injected into the reference of `never` for `driftOffset`. [inject-field]
HINT  | game_mode.lua:285:28 | Fields cannot be injected into the reference of `never` for `uiDistortEnabled`. [inject-field]
HINT  | game_mode.lua:286:28 | Fields cannot be injected into the reference of `never` for `trapWarningHidden`. [inject-field]
HINT  | game_mode.lua:287:28 | Fields cannot be injected into the reference of `never` for `timerGlitch`. [inject-field]
HINT  | game_mode.lua:288:28 | Fields cannot be injected into the reference of `never` for `audioMuted`. [inject-field]
HINT  | game_mode.lua:289:28 | Fields cannot be injected into the reference of `never` for `visionFading`. [inject-field]
HINT  | game_mode.lua:290:28 | Fields cannot be injected into the reference of `never` for `visionFadeAlpha`. [inject-field]
HINT  | game_mode.lua:298:18 | Fields cannot be injected into the reference of `never` for `position`. [inject-field]
HINT  | game_mode.lua:299:21 | Fields cannot be injected into the reference of `never` for `enabled`. [inject-field]
HINT  | game_mode.lua:300:14 | Fields cannot be injected into the reference of `never` for `updateEnabled`. [inject-field]
HINT  | game_mode.lua:336:18 | Fields cannot be injected into the reference of `never` for `position`. [inject-field]
HINT  | game_mode.lua:337:21 | Fields cannot be injected into the reference of `never` for `enabled`. [inject-field]
HINT  | game_mode.lua:338:14 | Fields cannot be injected into the reference of `never` for `updateEnabled`. [inject-field]
HINT  | game_mode.lua:340:39 | Fields cannot be injected into the reference of `never` for `visible`. [inject-field]
HINT  | game_mode.lua:350:21 | Fields cannot be injected into the reference of `never` for `enabled`. [inject-field]
HINT  | game_mode.lua:352:39 | Fields cannot be injected into the reference of `never` for `visible`. [inject-field]
HINT  | game_mode.lua:474:21 | Fields cannot be injected into the reference of `never` for `enabled`. [inject-field]
HINT  | game_mode.lua:498:16 | Fields cannot be injected into the reference of `never` for `priority`. [inject-field]
HINT  | game_mode.lua:499:16 | Fields cannot be injected into the reference of `never` for `opacity`. [inject-field]
HINT  | game_mode.lua:500:16 | Fields cannot be injected into the reference of `never` for `color`. [inject-field]
HINT  | game_mode.lua:614:53 | Fields cannot be injected into the reference of `never` for `visible`. [inject-field]
HINT  | game_mode.lua:620:18 | Fields cannot be injected into the reference of `never` for `updateEnabled`. [inject-field]
HINT  | game_mode.lua:621:43 | Fields cannot be injected into the reference of `never` for `visible`. [inject-field]
HINT  | game_mode.lua:626:18 | Fields cannot be injected into the reference of `never` for `updateEnabled`. [inject-field]
HINT  | game_mode.lua:627:43 | Fields cannot be injected into the reference of `never` for `visible`. [inject-field]
HINT  | game_mode.lua:649:27 | Fields cannot be injected into the reference of `never` for `visible`. [inject-field]
HINT  | game_mode.lua:707:18 | Fields cannot be injected into the reference of `never` for `priority`. [inject-field]
HINT  | game_mode.lua:759:18 | Fields cannot be injected into the reference of `never` for `visible`. [inject-field]
HINT  | game_mode.lua:779:25 | Fields cannot be injected into the reference of `never` for `priority`. [inject-field]
HINT  | game_mode.lua:798:24 | Fields cannot be injected into the reference of `never` for `priority`. [inject-field]
HINT  | game_mode.lua:799:24 | Fields cannot be injected into the reference of `never` for `opacity`. [inject-field]
HINT  | game_mode.lua:800:24 | Fields cannot be injected into the reference of `never` for `blendMode`. [inject-field]
HINT  | game_mode.lua:816:26 | Fields cannot be injected into the reference of `never` for `color`. [inject-field]
HINT  | game_mode.lua:828:26 | Fields cannot be injected into the reference of `never` for `visible`. [inject-field]
HINT  | game_mode.lua:829:25 | Fields cannot be injected into the reference of `never` for `visible`. [inject-field]
HINT  | game_mode.lua:846:24 | Fields cannot be injected into the reference of `never` for `priority`. [inject-field]
HINT  | game_mode.lua:865:23 | Fields cannot be injected into the reference of `never` for `priority`. [inject-field]
HINT  | game_mode.lua:866:23 | Fields cannot be injected into the reference of `never` for `opacity`. [inject-field]
HINT  | game_mode.lua:867:23 | Fields cannot be injected into the reference of `never` for `blendMode`. [inject-field]
HINT  | game_mode.lua:883:22 | Fields cannot be injected into the reference of `never` for `priority`. [inject-field]
HINT  | game_mode.lua:884:22 | Fields cannot be injected into the reference of `never` for `color`. [inject-field]
HINT  | game_mode.lua:902:25 | Fields cannot be injected into the reference of `never` for `priority`. [inject-field]
HINT  | game_mode.lua:903:25 | Fields cannot be injected into the reference of `never` for `color`. [inject-field]
HINT  | game_mode.lua:915:22 | Fields cannot be injected into the reference of `never` for `visible`. [inject-field]
HINT  | game_mode.lua:916:25 | Fields cannot be injected into the reference of `never` for `visible`. [inject-field]
HINT  | game_mode.lua:917:24 | Fields cannot be injected into the reference of `never` for `visible`. [inject-field]
HINT  | game_mode.lua:938:27 | Fields cannot be injected into the reference of `never` for `opacity`. [inject-field]
HINT  | game_mode.lua:940:28 | Fields cannot be injected into the reference of `never` for `visible`. [inject-field]
HINT  | game_mode.lua:946:21 | Fields cannot be injected into the reference of `never` for `enabled`. [inject-field]
HINT  | game_mode.lua:948:39 | Fields cannot be injected into the reference of `never` for `visible`. [inject-field]
HINT  | game_mode.lua:986:27 | Fields cannot be injected into the reference of `never` for `opacity`. [inject-field]
HINT  | game_mode.lua:993:31 | Fields cannot be injected into the reference of `never` for `opacity`. [inject-field]
HINT  | game_mode.lua:995:55 | Fields cannot be injected into the reference of `never` for `visible`. [inject-field]
HINT  | game_mode.lua:996:61 | Fields cannot be injected into the reference of `never` for `visible`. [inject-field]
HINT  | game_mode.lua:1004:47 | Fields cannot be injected into the reference of `never` for `visible`. [inject-field]
HINT  | game_mode.lua:1005:53 | Fields cannot be injected into the reference of `never` for `visible`. [inject-field]
HINT  | game_mode.lua:1006:51 | Fields cannot be injected into the reference of `never` for `visible`. [inject-field]
HINT  | game_mode.lua:1013:47 | Fields cannot be injected into the reference of `never` for `visible`. [inject-field]
HINT  | game_mode.lua:1014:53 | Fields cannot be injected into the reference of `never` for `visible`. [inject-field]
HINT  | game_mode.lua:1015:51 | Fields cannot be injected into the reference of `never` for `visible`. [inject-field]
HINT  | game_mode.lua:1051:24 | Fields cannot be injected into the reference of `never` for `opacity`. [inject-field]
HINT  | game_mode.lua:1053:25 | Fields cannot be injected into the reference of `never` for `visible`. [inject-field]
HINT  | game_mode.lua:1060:21 | Fields cannot be injected into the reference of `never` for `enabled`. [inject-field]
HINT  | game_mode.lua:1062:39 | Fields cannot be injected into the reference of `never` for `visible`. [inject-field]
HINT  | game_mode.lua:1103:28 | Fields cannot be injected into the reference of `never` for `opacity`. [inject-field]
HINT  | game_mode.lua:1110:32 | Fields cannot be injected into the reference of `never` for `opacity`. [inject-field]
HINT  | game_mode.lua:1113:38 | Fields cannot be injected into the reference of `never` for `visible`. [inject-field]
HINT  | game_mode.lua:1123:55 | Fields cannot be injected into the reference of `never` for `visible`. [inject-field]
HINT  | game_mode.lua:1124:53 | Fields cannot be injected into the reference of `never` for `visible`. [inject-field]
HINT  | game_mode.lua:1144:21 | Fields cannot be injected into the reference of `never` for `enabled`. [inject-field]
HINT  | game_ui.lua:10:16 | Implicit self is never used, if this is intentional, please use '.' instead of ':' to define the method [unused]
HINT  | game_ui.lua:378:16 | Implicit self is never used, if this is intentional, please use '.' instead of ':' to define the method [unused]
HINT  | game_ui.lua:933:16 | Implicit self is never used, if this is intentional, please use '.' instead of ':' to define the method [unused]
HINT  | game_ui.lua:396:16 | Implicit self is never used, if this is intentional, please use '.' instead of ':' to define the method [unused]
HINT  | ground.lua:13:16 | Implicit self is never used, if this is intentional, please use '.' instead of ':' to define the method [unused]
HINT  | input_manager.lua:13:22 | Implicit self is never used, if this is intentional, please use '.' instead of ':' to define the method [unused]
HINT  | level_manager.lua:104:22 | Implicit self is never used, if this is intentional, please use '.' instead of ':' to define the method [unused]
HINT  | level_manager.lua:190:9 | i is never used, if this is intentional, prefix it with an underscore: _i [unused]
HINT  | level_manager.lua:302:22 | Implicit self is never used, if this is intentional, please use '.' instead of ':' to define the method [unused]
HINT  | level_manager.lua:185:22 | Implicit self is never used, if this is intentional, please use '.' instead of ':' to define the method [unused]
HINT  | level_transition.lua:6:7 | ScreenUtils is never used, if this is intentional, prefix it with an underscore: _ScreenUtils [unused]
HINT  | level_transition.lua:65:22 | Fields cannot be injected into the reference of `never` for `hp`. [inject-field]
HINT  | level_transition.lua:68:28 | Fields cannot be injected into the reference of `never` for `deprived`. [inject-field]
HINT  | level_transition.lua:69:28 | Fields cannot be injected into the reference of `never` for `deprivedCount`. [inject-field]
HINT  | level_transition.lua:70:28 | Fields cannot be injected into the reference of `never` for `driftEnabled`. [inject-field]
HINT  | level_transition.lua:71:28 | Fields cannot be injected into the reference of `never` for `driftOffset`. [inject-field]
HINT  | level_transition.lua:72:28 | Fields cannot be injected into the reference of `never` for `uiDistortEnabled`. [inject-field]
HINT  | level_transition.lua:73:28 | Fields cannot be injected into the reference of `never` for `trapWarningHidden`. [inject-field]
HINT  | level_transition.lua:74:28 | Fields cannot be injected into the reference of `never` for `timerGlitch`. [inject-field]
HINT  | level_transition.lua:75:28 | Fields cannot be injected into the reference of `never` for `audioMuted`. [inject-field]
HINT  | level_transition.lua:76:28 | Fields cannot be injected into the reference of `never` for `visionFading`. [inject-field]
HINT  | level_transition.lua:77:28 | Fields cannot be injected into the reference of `never` for `visionFadeAlpha`. [inject-field]
HINT  | level_transition.lua:88:18 | Fields cannot be injected into the reference of `never` for `position`. [inject-field]
HINT  | level_transition.lua:89:21 | Fields cannot be injected into the reference of `never` for `enabled`. [inject-field]
HINT  | level_transition.lua:90:14 | Fields cannot be injected into the reference of `never` for `updateEnabled`. [inject-field]
HINT  | loading_scene.lua:179:67 | res is never used, if this is intentional, prefix it with an underscore: _res [unused]
HINT  | loading_scene.lua:200:30 | dt is never used, if this is intentional, prefix it with an underscore: _dt [unused]
HINT  | loading_scene.lua:86:22 | Implicit self is never used, if this is intentional, please use '.' instead of ':' to define the method [unused]
HINT  | loading_scene.lua:187:13 | i is never used, if this is intentional, prefix it with an underscore: _i [unused]
HINT  | loading_scene.lua:233:13 | i is never used, if this is intentional, prefix it with an underscore: _i [unused]
HINT  | main.lua:111:24 | eventType is never used, if this is intentional, prefix it with an underscore: _eventType [unused]
HINT  | main.lua:130:22 | eventType is never used, if this is intentional, prefix it with an underscore: _eventType [unused]
HINT  | main.lua:97:23 | eventType is never used, if this is intentional, prefix it with an underscore: _eventType [unused]
HINT  | menu_overlay.lua:17:7 | PX_BTN_HOVER is never used, if this is intentional, prefix it with an underscore: _PX_BTN_HOVER [unused]
HINT  | menu_overlay.lua:19:21 | Implicit self is never used, if this is intentional, please use '.' instead of ':' to define the method [unused]
HINT  | menu_overlay.lua:32:21 | Implicit self is never used, if this is intentional, please use '.' instead of ':' to define the method [unused]
HINT  | menu_overlay.lua:13:7 | PX_SECONDARY is never used, if this is intentional, prefix it with an underscore: _PX_SECONDARY [unused]
HINT  | game_ui.lua:10:16 | Implicit self is never used, if this is intentional, please use '.' instead of ':' to define the method [unused]
HINT  | game_ui.lua:379:16 | Implicit self is never used, if this is intentional, please use '.' instead of ':' to define the method [unused]
HINT  | game_ui.lua:863:16 | Implicit self is never used, if this is intentional, please use '.' instead of ':' to define the method [unused]
HINT  | game_ui.lua:397:16 | Implicit self is never used, if this is intentional, please use '.' instead of ':' to define the method [unused]
HINT  | player.lua:61:16 | Implicit self is never used, if this is intentional, please use '.' instead of ':' to define the method [unused]
HINT  | player.lua:59:16 | Implicit self is never used, if this is intentional, please use '.' instead of ':' to define the method [unused]
HINT  | portal_ui.lua:8:18 | Implicit self is never used, if this is intentional, please use '.' instead of ':' to define the method [unused]
HINT  | scene_manager.lua:6:7 | ScreenUtils is never used, if this is intentional, prefix it with an underscore: _ScreenUtils [unused]
HINT  | scene_manager.lua:24:21 | Fields cannot be injected into the reference of `never` for `gravity`. [inject-field]
HINT  | scene_manager.lua:35:18 | Fields cannot be injected into the reference of `never` for `position`. [inject-field]
HINT  | scene_manager.lua:38:15 | Fields cannot be injected into the reference of `never` for `orthographic`. [inject-field]
HINT  | scene_manager.lua:39:15 | Fields cannot be injected into the reference of `never` for `orthoSize`. [inject-field]
HINT  | senses_system.lua:14:22 | Implicit self is never used, if this is intentional, please use '.' instead of ':' to define the method [unused]
HINT  | game_ui.lua:308:16 | Implicit self is never used, if this is intentional, please use '.' instead of ':' to define the method [unused]
HINT  | game_ui.lua:308:26 | level is never used, if this is intentional, prefix it with an underscore: _level [unused]
HINT  | game_ui.lua:320:16 | Implicit self is never used, if this is intentional, please use '.' instead of ':' to define the method [unused]
HINT  | game_ui.lua:308:33 | maxLevel is never used, if this is intentional, prefix it with an underscore: _maxLevel [unused]
HINT  | game_ui.lua:10:16 | Implicit self is never used, if this is intentional, please use '.' instead of ':' to define the method [unused]
HINT  | game_ui.lua:580:16 | Implicit self is never used, if this is intentional, please use '.' instead of ':' to define the method [unused]
HINT  | player.lua:61:16 | Implicit self is never used, if this is intentional, please use '.' instead of ':' to define the method [unused]
HINT  | game_over_ui.lua:40:25 | Fields cannot be injected into the reference of `never` for `priority`. [inject-field]
HINT  | game_over_ui.lua:59:24 | Fields cannot be injected into the reference of `never` for `priority`. [inject-field]
HINT  | game_over_ui.lua:60:24 | Fields cannot be injected into the reference of `never` for `opacity`. [inject-field]
HINT  | game_over_ui.lua:61:24 | Fields cannot be injected into the reference of `never` for `blendMode`. [inject-field]
HINT  | game_over_ui.lua:86:26 | Fields cannot be injected into the reference of `never` for `visible`. [inject-field]
HINT  | game_over_ui.lua:87:25 | Fields cannot be injected into the reference of `never` for `visible`. [inject-field]
HINT  | game_over_ui.lua:112:28 | Fields cannot be injected into the reference of `never` for `opacity`. [inject-field]
HINT  | game_over_ui.lua:114:29 | Fields cannot be injected into the reference of `never` for `visible`. [inject-field]
HINT  | game_over_ui.lua:122:45 | Fields cannot be injected into the reference of `never` for `enabled`. [inject-field]
HINT  | game_over_ui.lua:124:39 | Fields cannot be injected into the reference of `never` for `visible`. [inject-field]
HINT  | game_over_ui.lua:163:28 | Fields cannot be injected into the reference of `never` for `opacity`. [inject-field]
HINT  | game_over_ui.lua:169:32 | Fields cannot be injected into the reference of `never` for `opacity`. [inject-field]
HINT  | game_over_ui.lua:171:38 | Fields cannot be injected into the reference of `never` for `visible`. [inject-field]
HINT  | game_over_ui.lua:183:55 | Fields cannot be injected into the reference of `never` for `visible`. [inject-field]
HINT  | game_over_ui.lua:184:53 | Fields cannot be injected into the reference of `never` for `visible`. [inject-field]
HINT  | pause_ui.lua:29:18 | Fields cannot be injected into the reference of `never` for `priority`. [inject-field]
HINT  | pause_ui.lua:78:18 | Fields cannot be injected into the reference of `never` for `visible`. [inject-field]
HINT  | pause_ui.lua:86:27 | Fields cannot be injected into the reference of `never` for `visible`. [inject-field]
HINT  | pause_ui.lua:138:18 | Fields cannot be injected into the reference of `never` for `updateEnabled`. [inject-field]
HINT  | pause_ui.lua:139:43 | Fields cannot be injected into the reference of `never` for `visible`. [inject-field]
HINT  | pause_ui.lua:147:14 | Fields cannot be injected into the reference of `never` for `updateEnabled`. [inject-field]
HINT  | pause_ui.lua:148:39 | Fields cannot be injected into the reference of `never` for `visible`. [inject-field]
HINT  | victory_ui.lua:37:24 | Fields cannot be injected into the reference of `never` for `priority`. [inject-field]
HINT  | victory_ui.lua:56:23 | Fields cannot be injected into the reference of `never` for `priority`. [inject-field]
HINT  | victory_ui.lua:57:23 | Fields cannot be injected into the reference of `never` for `opacity`. [inject-field]
HINT  | victory_ui.lua:58:23 | Fields cannot be injected into the reference of `never` for `blendMode`. [inject-field]
HINT  | victory_ui.lua:72:22 | Fields cannot be injected into the reference of `never` for `priority`. [inject-field]
HINT  | victory_ui.lua:90:25 | Fields cannot be injected into the reference of `never` for `priority`. [inject-field]
HINT  | victory_ui.lua:102:22 | Fields cannot be injected into the reference of `never` for `visible`. [inject-field]
HINT  | victory_ui.lua:103:25 | Fields cannot be injected into the reference of `never` for `visible`. [inject-field]
HINT  | victory_ui.lua:104:24 | Fields cannot be injected into the reference of `never` for `visible`. [inject-field]
HINT  | victory_ui.lua:128:27 | Fields cannot be injected into the reference of `never` for `opacity`. [inject-field]
HINT  | victory_ui.lua:130:28 | Fields cannot be injected into the reference of `never` for `visible`. [inject-field]
HINT  | victory_ui.lua:138:21 | Fields cannot be injected into the reference of `never` for `enabled`. [inject-field]
HINT  | victory_ui.lua:140:39 | Fields cannot be injected into the reference of `never` for `visible`. [inject-field]
HINT  | victory_ui.lua:176:27 | Fields cannot be injected into the reference of `never` for `opacity`. [inject-field]
HINT  | victory_ui.lua:182:31 | Fields cannot be injected into the reference of `never` for `opacity`. [inject-field]
HINT  | victory_ui.lua:183:55 | Fields cannot be injected into the reference of `never` for `visible`. [inject-field]
HINT  | victory_ui.lua:184:61 | Fields cannot be injected into the reference of `never` for `visible`. [inject-field]
HINT  | victory_ui.lua:195:47 | Fields cannot be injected into the reference of `never` for `visible`. [inject-field]
HINT  | victory_ui.lua:196:53 | Fields cannot be injected into the reference of `never` for `visible`. [inject-field]
HINT  | victory_ui.lua:197:51 | Fields cannot be injected into the reference of `never` for `visible`. [inject-field]
